machine_id,timestamp,temp_c,rpm,vibration,failure
M034,2024-03-01T00:00:00,50.4,73.14,32.57,0
M008,2024-03-01T00:05:00,54.66,79.88,30.38,0
M025,2024-03-01T00:10:00,52.53,78.22,26.84,0
M000,2024-03-01T00:15:00,47.84,64.76,29.98,0
M035,2024-03-01T00:20:00,48.09,73.23,29.12,0
M021,2024-03-01T00:25:00,48.36,79.15,33.53,0
M055,2024-03-01T00:30:00,50.28,83.35,30.67,0
M049,2024-03-01T00:35:00,51.64,77.94,30.18,0
M038,2024-03-01T00:40:00,55.1,78.19,36.17,0
M051,2024-03-01T00:45:00,52.46,78.34,29.57,0
M032,2024-03-01T00:50:00,51.45,90.51,29.7,0
M036,2024-03-01T00:55:00,44.39,81.9,28.13,0
M005,2024-03-01T01:00:00,54.22,81.09,30.56,0
M009,2024-03-01T01:05:00,46.91,72.65,29.15,0
M014,2024-03-01T01:10:00,49.46,82.45,30.38,0
M001,2024-03-01T01:15:00,51.57,75.46,29.15,0
M059,2024-03-01T01:20:00,52.22,75.85,29.43,0
M004,2024-03-01T01:25:00,44.27,78.93,30.96,0
M042,2024-03-01T01:30:00,49.79,83.86,31.01,0
M006,2024-03-01T01:35:00,58.04,74.44,31.02,0
M034,2024-03-01T01:40:00,48.79,83.79,29.63,0
M024,2024-03-01T01:45:00,58.41,82.61,31.39,0
M024,2024-03-01T01:50:00,53.68,82.43,30.06,0
M047,2024-03-01T01:55:00,47.87,75.56,30.67,0
M052,2024-03-01T02:00:00,51.43,77.23,26.05,0
M016,2024-03-01T02:05:00,47.6,76.24,31.57,0
M003,2024-03-01T02:10:00,52.04,80.73,29.67,0
M026,2024-03-01T02:15:00,49.18,87.3,29.85,0
M055,2024-03-01T02:20:00,50.78,88.12,24.0,0
M008,2024-03-01T02:25:00,53.21,80.81,29.85,0
M004,2024-03-01T02:30:00,49.26,78.16,31.11,0
M056,2024-03-01T02:35:00,50.31,78.31,29.92,0
M020,2024-03-01T02:40:00,54.06,78.86,31.01,0
M059,2024-03-01T02:45:00,47.59,85.36,30.21,0
M014,2024-03-01T02:50:00,49.57,76.03,28.15,0
M049,2024-03-01T02:55:00,47.8,76.03,31.92,0
M010,2024-03-01T03:00:00,50.32,72.06,31.18,0
M000,2024-03-01T03:05:00,52.66,85.79,32.16,0
M015,2024-03-01T03:10:00,50.82,79.78,31.81,0
M056,2024-03-01T03:15:00,51.64,76.99,31.8,0
M042,2024-03-01T03:20:00,51.68,81.22,30.77,0
M016,2024-03-01T03:25:00,44.82,76.47,31.73,0
M017,2024-03-01T03:30:00,54.69,81.98,28.9,0
M005,2024-03-01T03:35:00,46.43,86.79,31.18,0
M001,2024-03-01T03:40:00,56.66,85.0,28.2,0
M001,2024-03-01T03:45:00,54.2,78.24,32.93,0
M048,2024-03-01T03:50:00,48.61,81.15,33.25,0
M007,2024-03-01T03:55:00,53.07,74.11,27.94,0
M054,2024-03-01T04:00:00,50.03,79.98,31.18,0
M055,2024-03-01T04:05:00,52.76,84.67,33.0,0
M010,2024-03-01T04:10:00,53.48,72.46,30.12,0
M051,2024-03-01T04:15:00,54.83,75.53,33.49,0
M047,2024-03-01T04:20:00,49.41,80.35,28.82,0
M045,2024-03-01T04:25:00,49.06,87.02,27.63,0
M039,2024-03-01T04:30:00,57.31,74.03,34.11,0
M010,2024-03-01T04:35:00,54.99,80.93,29.87,0
M041,2024-03-01T04:40:00,53.62,80.19,28.46,0
M029,2024-03-01T04:45:00,47.2,81.21,29.43,0
M020,2024-03-01T04:50:00,51.67,83.25,31.02,0
M053,2024-03-01T04:55:00,51.42,79.71,28.57,0
M042,2024-03-01T05:00:00,51.95,72.39,30.05,0
M014,2024-03-01T05:05:00,49.22,90.94,31.03,0
M016,2024-03-01T05:10:00,59.76,80.7,32.51,0
M013,2024-03-01T05:15:00,48.82,82.98,33.03,0
M048,2024-03-01T05:20:00,50.78,90.34,30.23,0
M052,2024-03-01T05:25:00,51.91,75.09,33.85,0
M041,2024-03-01T05:30:00,48.73,79.35,28.04,0
M044,2024-03-01T05:35:00,48.96,88.41,28.9,0
M024,2024-03-01T05:40:00,54.48,80.1,30.1,0
M046,2024-03-01T05:45:00,50.86,84.06,30.7,0
M014,2024-03-01T05:50:00,50.69,75.44,25.12,0
M056,2024-03-01T05:55:00,54.02,86.99,25.44,0
M009,2024-03-01T06:00:00,53.72,76.93,27.21,0
M025,2024-03-01T06:05:00,51.79,82.46,31.63,0
M053,2024-03-01T06:10:00,47.89,83.05,30.57,0
M039,2024-03-01T06:15:00,51.68,77.51,28.29,0
M042,2024-03-01T06:20:00,49.43,86.69,34.38,0
M046,2024-03-01T06:25:00,51.8,79.87,31.04,0
M019,2024-03-01T06:30:00,48.62,91.63,29.82,0
M048,2024-03-01T06:35:00,49.91,75.94,29.58,0
M000,2024-03-01T06:40:00,53.2,77.08,30.71,0
M005,2024-03-01T06:45:00,56.09,78.01,27.4,0
M055,2024-03-01T06:50:00,49.6,74.51,30.98,0
M051,2024-03-01T06:55:00,55.82,81.15,31.32,0
M035,2024-03-01T07:00:00,46.84,70.9,32.69,0
M009,2024-03-01T07:05:00,51.03,74.03,32.17,0
M016,2024-03-01T07:10:00,50.05,74.63,31.61,0
M046,2024-03-01T07:15:00,55.21,83.2,29.63,0
M015,2024-03-01T07:20:00,54.16,78.05,27.46,0
M010,2024-03-01T07:25:00,51.99,80.94,30.65,0
M006,2024-03-01T07:30:00,44.43,73.67,31.76,0
M003,2024-03-01T07:35:00,49.0,89.04,31.83,0
M035,2024-03-01T07:40:00,55.67,80.4,29.38,0
M005,2024-03-01T07:45:00,52.11,78.69,30.22,0
M010,2024-03-01T07:50:00,53.23,83.56,26.28,0
M047,2024-03-01T07:55:00,54.59,83.36,31.62,0
M053,2024-03-01T08:00:00,57.35,80.83,30.26,0
M054,2024-03-01T08:05:00,52.12,76.17,31.79,0
M039,2024-03-01T08:10:00,51.81,87.79,29.26,0
M032,2024-03-01T08:15:00,54.5,78.8,29.62,0
M042,2024-03-01T08:20:00,54.63,78.64,33.24,0
M052,2024-03-01T08:25:00,52.22,77.84,31.35,0
M001,2024-03-01T08:30:00,44.48,77.6,29.37,0
M010,2024-03-01T08:35:00,47.68,80.28,29.98,0
M011,2024-03-01T08:40:00,55.83,76.87,30.0,0
M018,2024-03-01T08:45:00,56.6,79.34,32.32,0
M016,2024-03-01T08:50:00,50.17,74.18,27.63,0
M024,2024-03-01T08:55:00,54.45,73.06,31.71,0
M036,2024-03-01T09:00:00,57.35,80.41,28.59,0
M033,2024-03-01T09:05:00,58.09,76.78,31.45,0
M018,2024-03-01T09:10:00,48.19,78.94,30.51,0
M019,2024-03-01T09:15:00,53.53,78.41,32.13,0
M058,2024-03-01T09:20:00,51.65,81.0,28.11,0
M058,2024-03-01T09:25:00,49.97,84.61,30.02,0
M008,2024-03-01T09:30:00,50.89,83.62,30.43,0
M001,2024-03-01T09:35:00,53.28,82.45,32.62,0
M014,2024-03-01T09:40:00,51.31,74.49,30.19,0
M049,2024-03-01T09:45:00,55.46,82.16,33.47,0
M034,2024-03-01T09:50:00,56.53,80.1,32.27,0
M003,2024-03-01T09:55:00,54.24,82.14,32.32,0
M044,2024-03-01T10:00:00,57.32,94.86,28.8,0
M000,2024-03-01T10:05:00,53.01,86.85,29.9,0
M055,2024-03-01T10:10:00,49.96,71.93,32.56,0
M017,2024-03-01T10:15:00,52.29,71.56,29.59,0
M003,2024-03-01T10:20:00,48.13,80.51,31.99,0
M034,2024-03-01T10:25:00,55.05,81.71,32.49,0
M054,2024-03-01T10:30:00,49.79,74.14,27.12,0
M009,2024-03-01T10:35:00,51.23,82.87,31.57,0
M026,2024-03-01T10:40:00,56.13,83.04,32.98,0
M027,2024-03-01T10:45:00,47.84,80.59,33.1,0
M000,2024-03-01T10:50:00,53.09,83.72,32.27,0
M047,2024-03-01T10:55:00,48.37,86.34,31.4,0
M058,2024-03-01T11:00:00,53.91,82.34,29.18,0
M004,2024-03-01T11:05:00,49.05,70.35,30.43,0
M047,2024-03-01T11:10:00,53.94,74.67,31.31,0
M016,2024-03-01T11:15:00,54.59,81.28,27.83,0
M005,2024-03-01T11:20:00,52.68,79.59,29.53,0
M032,2024-03-01T11:25:00,50.09,82.59,29.52,0
M040,2024-03-01T11:30:00,54.17,82.5,32.94,0
M026,2024-03-01T11:35:00,51.72,83.93,32.94,0
M029,2024-03-01T11:40:00,51.72,84.11,30.78,0
M015,2024-03-01T11:45:00,54.48,67.1,29.07,0
M013,2024-03-01T11:50:00,57.17,82.08,29.23,0
M039,2024-03-01T11:55:00,52.96,78.23,31.53,0
M042,2024-03-01T12:00:00,49.02,78.04,33.86,0
M056,2024-03-01T12:05:00,55.67,71.09,29.23,0
M031,2024-03-01T12:10:00,51.95,83.75,32.36,0
M012,2024-03-01T12:15:00,48.8,73.65,32.5,0
M052,2024-03-01T12:20:00,49.21,79.78,29.41,0
M036,2024-03-01T12:25:00,54.43,79.9,29.65,0
M004,2024-03-01T12:30:00,52.68,73.79,25.3,0
M057,2024-03-01T12:35:00,59.91,79.13,32.71,0
M041,2024-03-01T12:40:00,50.38,79.31,30.75,0
M011,2024-03-01T12:45:00,55.31,83.43,28.64,0
M022,2024-03-01T12:50:00,57.54,74.85,30.13,0
M006,2024-03-01T12:55:00,54.1,79.03,30.56,0
M046,2024-03-01T13:00:00,51.66,74.54,27.58,0
M034,2024-03-01T13:05:00,50.84,76.7,28.62,0
M058,2024-03-01T13:10:00,48.5,80.92,29.63,0
M015,2024-03-01T13:15:00,53.68,79.49,28.35,0
M059,2024-03-01T13:20:00,50.31,76.52,28.92,0
M041,2024-03-01T13:25:00,51.55,81.25,27.81,0
M051,2024-03-01T13:30:00,54.73,89.78,29.94,0
M040,2024-03-01T13:35:00,54.03,80.63,29.74,0
M006,2024-03-01T13:40:00,55.78,80.81,29.85,0
M010,2024-03-01T13:45:00,55.01,79.11,30.8,0
M029,2024-03-01T13:50:00,54.53,66.21,33.24,0
M031,2024-03-01T13:55:00,51.5,83.77,29.06,0
M057,2024-03-01T14:00:00,53.73,74.31,31.15,0
M056,2024-03-01T14:05:00,50.28,79.03,33.45,0
M047,2024-03-01T14:10:00,52.15,80.82,30.85,0
M007,2024-03-01T14:15:00,50.4,84.0,33.06,0
M045,2024-03-01T14:20:00,54.63,88.75,26.13,0
M057,2024-03-01T14:25:00,52.79,87.69,32.27,0
M009,2024-03-01T14:30:00,50.07,79.19,30.52,0
M002,2024-03-01T14:35:00,53.97,85.16,29.55,0
M051,2024-03-01T14:40:00,48.64,87.04,30.5,0
M007,2024-03-01T14:45:00,57.94,72.39,28.82,0
M009,2024-03-01T14:50:00,51.71,76.22,28.99,0
M059,2024-03-01T14:55:00,56.73,81.21,28.37,0
M057,2024-03-01T15:00:00,51.48,81.06,27.92,0
M007,2024-03-01T15:05:00,53.15,83.19,31.26,0
M018,2024-03-01T15:10:00,50.97,87.11,30.34,0
M048,2024-03-01T15:15:00,55.45,79.41,28.8,0
M011,2024-03-01T15:20:00,52.55,80.75,31.8,0
M043,2024-03-01T15:25:00,52.59,81.04,30.37,0
M051,2024-03-01T15:30:00,54.53,74.98,25.82,0
M037,2024-03-01T15:35:00,55.28,78.93,30.65,0
M020,2024-03-01T15:40:00,53.91,84.62,30.49,0
M000,2024-03-01T15:45:00,59.7,80.35,34.5,0
M026,2024-03-01T15:50:00,54.73,89.71,29.37,0
M030,2024-03-01T15:55:00,51.4,77.96,29.5,0
M000,2024-03-01T16:00:00,50.42,74.02,27.4,0
M003,2024-03-01T16:05:00,51.7,73.91,30.41,0
M004,2024-03-01T16:10:00,52.7,79.72,29.36,0
M014,2024-03-01T16:15:00,55.24,76.41,29.38,0
M037,2024-03-01T16:20:00,54.99,79.81,26.93,0
M012,2024-03-01T16:25:00,51.35,86.2,29.91,0
M031,2024-03-01T16:30:00,56.39,83.49,31.28,0
M043,2024-03-01T16:35:00,53.23,75.19,29.33,0
M022,2024-03-01T16:40:00,49.44,78.69,31.74,0
M034,2024-03-01T16:45:00,53.95,77.74,30.04,0
M007,2024-03-01T16:50:00,53.55,85.49,30.1,0
M016,2024-03-01T16:55:00,54.02,83.77,28.89,0
M038,2024-03-01T17:00:00,48.81,75.74,29.35,0
M001,2024-03-01T17:05:00,55.55,77.12,30.85,0
M025,2024-03-01T17:10:00,53.04,81.03,29.62,0
M043,2024-03-01T17:15:00,53.33,77.91,28.34,0
M039,2024-03-01T17:20:00,57.94,74.52,30.89,0
M020,2024-03-01T17:25:00,48.39,82.71,33.56,0
M040,2024-03-01T17:30:00,49.41,73.25,31.62,0
M003,2024-03-01T17:35:00,58.41,76.47,32.97,0
M020,2024-03-01T17:40:00,52.53,89.26,29.11,0
M034,2024-03-01T17:45:00,51.19,81.12,29.93,0
M009,2024-03-01T17:50:00,54.23,79.42,29.35,0
M022,2024-03-01T17:55:00,57.1,76.74,29.08,0
M053,2024-03-01T18:00:00,53.92,72.27,28.7,0
M002,2024-03-01T18:05:00,54.35,93.35,31.77,0
M057,2024-03-01T18:10:00,55.71,78.65,29.43,0
M057,2024-03-01T18:15:00,53.09,89.53,31.0,0
M016,2024-03-01T18:20:00,58.23,78.6,32.09,0
M012,2024-03-01T18:25:00,49.88,90.23,26.35,0
M034,2024-03-01T18:30:00,49.2,79.53,33.88,0
M009,2024-03-01T18:35:00,54.97,76.81,28.48,0
M019,2024-03-01T18:40:00,53.54,77.12,27.82,0
M006,2024-03-01T18:45:00,52.04,83.57,28.26,0
M007,2024-03-01T18:50:00,55.92,76.5,29.44,0
M005,2024-03-01T18:55:00,55.39,89.03,30.99,0
M016,2024-03-01T19:00:00,51.12,81.6,34.73,0
M038,2024-03-01T19:05:00,57.98,80.51,30.62,0
M029,2024-03-01T19:10:00,55.55,81.01,30.32,0
M027,2024-03-01T19:15:00,57.07,77.48,32.26,0
M059,2024-03-01T19:20:00,55.46,84.78,31.77,0
M024,2024-03-01T19:25:00,55.93,72.08,27.0,0
M044,2024-03-01T19:30:00,51.91,78.59,30.13,0
M022,2024-03-01T19:35:00,56.39,81.97,27.39,0
M012,2024-03-01T19:40:00,53.54,79.15,32.12,0
M049,2024-03-01T19:45:00,54.63,94.37,32.26,0
M047,2024-03-01T19:50:00,56.9,81.45,31.06,0
M035,2024-03-01T19:55:00,53.71,75.32,32.63,0
M044,2024-03-01T20:00:00,54.56,73.34,28.78,0
M054,2024-03-01T20:05:00,53.6,80.58,29.32,0
M000,2024-03-01T20:10:00,58.8,73.33,27.94,0
M033,2024-03-01T20:15:00,52.24,80.63,30.94,0
M050,2024-03-01T20:20:00,55.38,73.42,27.49,0
M049,2024-03-01T20:25:00,56.71,74.37,32.96,0
M007,2024-03-01T20:30:00,54.36,83.56,29.03,0
M013,2024-03-01T20:35:00,54.41,82.67,30.47,0
M034,2024-03-01T20:40:00,55.1,77.07,30.76,0
M024,2024-03-01T20:45:00,53.34,85.02,29.85,0
M033,2024-03-01T20:50:00,43.26,87.26,28.64,0
M056,2024-03-01T20:55:00,53.72,77.92,31.06,0
M003,2024-03-01T21:00:00,47.25,82.82,29.16,0
M024,2024-03-01T21:05:00,54.19,76.8,29.05,0
M049,2024-03-01T21:10:00,49.26,79.4,29.97,0
M025,2024-03-01T21:15:00,56.95,82.34,28.18,0
M008,2024-03-01T21:20:00,49.17,75.38,29.85,0
M040,2024-03-01T21:25:00,53.01,74.22,29.54,0
M054,2024-03-01T21:30:00,56.77,79.79,28.89,0
M034,2024-03-01T21:35:00,51.69,83.44,28.26,0
M015,2024-03-01T21:40:00,46.42,80.6,33.2,0
M041,2024-03-01T21:45:00,49.7,79.16,29.56,0
M010,2024-03-01T21:50:00,50.27,82.87,29.65,0
M027,2024-03-01T21:55:00,51.07,68.19,26.36,0
M006,2024-03-01T22:00:00,50.21,77.16,28.97,0
M017,2024-03-01T22:05:00,51.01,77.25,30.86,0
M031,2024-03-01T22:10:00,52.37,79.13,29.1,0
M016,2024-03-01T22:15:00,49.17,83.18,31.14,0
M015,2024-03-01T22:20:00,54.84,82.1,28.65,0
M004,2024-03-01T22:25:00,50.9,91.43,29.67,0
M039,2024-03-01T22:30:00,47.83,79.09,28.48,0
M021,2024-03-01T22:35:00,52.45,83.25,34.91,0
M011,2024-03-01T22:40:00,46.86,71.85,33.13,0
M016,2024-03-01T22:45:00,55.31,78.53,30.27,0
M023,2024-03-01T22:50:00,46.47,82.16,27.65,0
M011,2024-03-01T22:55:00,50.17,77.05,27.21,0
M032,2024-03-01T23:00:00,50.44,80.52,33.05,0
M050,2024-03-01T23:05:00,47.66,81.3,33.86,0
M057,2024-03-01T23:10:00,54.82,75.48,30.15,0
M047,2024-03-01T23:15:00,46.45,82.03,28.35,0
M015,2024-03-01T23:20:00,46.56,87.75,30.58,0
M015,2024-03-01T23:25:00,46.45,85.33,30.71,0
M057,2024-03-01T23:30:00,51.68,79.08,31.76,0
M044,2024-03-01T23:35:00,50.24,85.21,26.72,0
M020,2024-03-01T23:40:00,52.58,83.36,29.18,0
M046,2024-03-01T23:45:00,50.52,86.94,30.97,0
M003,2024-03-01T23:50:00,49.98,89.95,32.01,0
M037,2024-03-01T23:55:00,54.4,84.31,29.79,0
M011,2024-03-02T00:00:00,49.54,76.88,29.26,0
M017,2024-03-02T00:05:00,48.58,90.45,29.27,0
M014,2024-03-02T00:10:00,50.8,80.13,32.85,0
M004,2024-03-02T00:15:00,52.87,80.13,30.88,0
M029,2024-03-02T00:20:00,48.94,87.45,30.4,0
M038,2024-03-02T00:25:00,48.5,82.53,29.81,0
M056,2024-03-02T00:30:00,50.44,81.4,30.04,0
M049,2024-03-02T00:35:00,50.76,80.18,25.32,0
M015,2024-03-02T00:40:00,47.61,73.15,31.6,0
M028,2024-03-02T00:45:00,50.64,77.9,29.99,0
M014,2024-03-02T00:50:00,52.41,89.81,26.02,0
M012,2024-03-02T00:55:00,54.73,79.16,29.56,0
M057,2024-03-02T01:00:00,49.42,81.89,32.13,0
M001,2024-03-02T01:05:00,46.64,80.54,25.21,0
M057,2024-03-02T01:10:00,52.21,72.15,32.29,0
M023,2024-03-02T01:15:00,50.49,80.43,30.92,0
M001,2024-03-02T01:20:00,51.29,77.12,29.46,0
M020,2024-03-02T01:25:00,51.13,94.64,30.43,0
M048,2024-03-02T01:30:00,49.66,80.68,29.48,0
M014,2024-03-02T01:35:00,51.94,78.21,26.25,0
M006,2024-03-02T01:40:00,53.07,81.56,30.06,0
M029,2024-03-02T01:45:00,56.41,82.37,27.02,0
M022,2024-03-02T01:50:00,46.54,71.54,27.0,0
M049,2024-03-02T01:55:00,47.44,78.55,31.61,0
M034,2024-03-02T02:00:00,50.81,86.23,26.97,0
M009,2024-03-02T02:05:00,51.05,83.91,32.52,0
M012,2024-03-02T02:10:00,50.89,85.49,28.84,0
M043,2024-03-02T02:15:00,56.06,90.16,28.27,1
M026,2024-03-02T02:20:00,52.01,78.22,29.18,0
M009,2024-03-02T02:25:00,48.63,83.92,30.88,0
M058,2024-03-02T02:30:00,47.53,78.42,31.66,0
M038,2024-03-02T02:35:00,55.81,76.09,28.96,0
M050,2024-03-02T02:40:00,55.31,74.84,31.92,0
M025,2024-03-02T02:45:00,53.21,82.33,33.42,0
M031,2024-03-02T02:50:00,55.4,78.69,29.7,0
M035,2024-03-02T02:55:00,48.22,78.06,29.39,0
M041,2024-03-02T03:00:00,51.1,79.26,30.5,0
M000,2024-03-02T03:05:00,46.69,78.26,30.38,0
M056,2024-03-02T03:10:00,49.84,81.68,30.63,0
M049,2024-03-02T03:15:00,43.2,90.01,33.09,0
M054,2024-03-02T03:20:00,50.56,87.96,30.9,0
M014,2024-03-02T03:25:00,55.12,84.62,26.18,0
M030,2024-03-02T03:30:00,44.1,80.99,30.1,0
M005,2024-03-02T03:35:00,58.13,84.61,30.05,0
M034,2024-03-02T03:40:00,56.55,75.61,30.95,0
M030,2024-03-02T03:45:00,47.9,78.9,31.42,0
M027,2024-03-02T03:50:00,49.29,79.76,33.25,0
M012,2024-03-02T03:55:00,47.04,76.31,32.41,0
M014,2024-03-02T04:00:00,51.33,79.55,35.02,0
M017,2024-03-02T04:05:00,56.96,87.27,30.46,0
M000,2024-03-02T04:10:00,50.94,79.6,30.49,0
M025,2024-03-02T04:15:00,52.03,75.76,31.14,0
M026,2024-03-02T04:20:00,51.0,79.39,33.38,0
M021,2024-03-02T04:25:00,55.53,74.53,29.55,0
M054,2024-03-02T04:30:00,54.88,85.3,31.27,0
M027,2024-03-02T04:35:00,44.87,76.81,33.35,0
M025,2024-03-02T04:40:00,50.55,73.59,31.13,0
M057,2024-03-02T04:45:00,51.95,77.41,30.12,0
M028,2024-03-02T04:50:00,49.77,77.83,30.23,0
M028,2024-03-02T04:55:00,51.57,83.62,26.57,0
M024,2024-03-02T05:00:00,54.97,83.82,32.25,0
M025,2024-03-02T05:05:00,46.58,76.56,29.07,0
M023,2024-03-02T05:10:00,53.97,73.39,30.79,0
M003,2024-03-02T05:15:00,52.01,79.29,30.87,0
M021,2024-03-02T05:20:00,54.67,83.68,29.48,0
M034,2024-03-02T05:25:00,51.77,75.54,30.88,0
M052,2024-03-02T05:30:00,52.36,83.35,29.41,0
M054,2024-03-02T05:35:00,52.37,72.2,28.88,0
M031,2024-03-02T05:40:00,49.96,71.34,27.67,0
M055,2024-03-02T05:45:00,49.77,72.64,29.21,0
M015,2024-03-02T05:50:00,50.07,78.62,29.43,0
M022,2024-03-02T05:55:00,57.29,75.74,26.5,0
M011,2024-03-02T06:00:00,53.35,76.06,28.09,0
M009,2024-03-02T06:05:00,60.19,77.73,31.08,0
M010,2024-03-02T06:10:00,51.97,75.73,31.68,0
M017,2024-03-02T06:15:00,56.93,69.4,29.81,0
M056,2024-03-02T06:20:00,52.83,74.28,28.6,0
M006,2024-03-02T06:25:00,52.88,80.38,25.33,0
M007,2024-03-02T06:30:00,52.99,83.5,27.71,0
M031,2024-03-02T06:35:00,48.31,74.86,29.77,0
M029,2024-03-02T06:40:00,51.13,84.46,29.57,0
M009,2024-03-02T06:45:00,49.7,75.18,29.88,0
M049,2024-03-02T06:50:00,54.81,80.41,28.59,0
M047,2024-03-02T06:55:00,53.45,75.52,29.49,0
M007,2024-03-02T07:00:00,51.96,81.37,28.95,0
M018,2024-03-02T07:05:00,51.02,75.33,32.57,0
M011,2024-03-02T07:10:00,52.83,87.17,27.24,0
M051,2024-03-02T07:15:00,50.42,76.37,28.92,0
M015,2024-03-02T07:20:00,52.35,80.72,28.67,0
M057,2024-03-02T07:25:00,52.29,78.71,31.61,0
M052,2024-03-02T07:30:00,53.9,80.63,28.44,0
M014,2024-03-02T07:35:00,57.52,78.41,30.11,0
M025,2024-03-02T07:40:00,46.2,75.91,29.58,0
M014,2024-03-02T07:45:00,51.67,81.94,27.63,0
M006,2024-03-02T07:50:00,52.65,73.28,35.88,0
M051,2024-03-02T07:55:00,47.34,79.83,25.22,0
M034,2024-03-02T08:00:00,52.54,80.68,26.93,0
M016,2024-03-02T08:05:00,52.94,80.88,29.44,0
M017,2024-03-02T08:10:00,48.21,80.08,32.08,0
M022,2024-03-02T08:15:00,56.44,75.37,28.28,0
M019,2024-03-02T08:20:00,56.4,78.91,27.83,0
M005,2024-03-02T08:25:00,52.65,80.28,32.31,0
M001,2024-03-02T08:30:00,52.78,83.83,28.6,0
M013,2024-03-02T08:35:00,54.55,86.2,31.97,0
M018,2024-03-02T08:40:00,50.91,71.85,28.96,0
M006,2024-03-02T08:45:00,53.02,81.84,28.23,0
M003,2024-03-02T08:50:00,51.98,69.13,29.78,0
M055,2024-03-02T08:55:00,53.17,91.04,30.34,0
M045,2024-03-02T09:00:00,53.81,72.62,31.94,0
M031,2024-03-02T09:05:00,55.15,84.29,26.22,0
M039,2024-03-02T09:10:00,53.17,75.14,30.12,0
M016,2024-03-02T09:15:00,55.12,80.72,31.77,0
M051,2024-03-02T09:20:00,53.25,82.78,30.99,0
M039,2024-03-02T09:25:00,52.14,77.87,28.87,0
M010,2024-03-02T09:30:00,55.46,70.46,35.21,0
M033,2024-03-02T09:35:00,53.04,78.84,26.31,0
M033,2024-03-02T09:40:00,56.84,71.0,30.87,0
M024,2024-03-02T09:45:00,56.86,81.92,29.41,0
M026,2024-03-02T09:50:00,51.51,79.84,34.3,0
M057,2024-03-02T09:55:00,54.99,78.81,27.49,0
M057,2024-03-02T10:00:00,60.58,78.22,32.25,0
M020,2024-03-02T10:05:00,54.28,83.44,31.19,0
M003,2024-03-02T10:10:00,54.7,74.7,31.21,0
M041,2024-03-02T10:15:00,49.38,84.56,32.33,0
M037,2024-03-02T10:20:00,48.55,76.16,30.17,0
M053,2024-03-02T10:25:00,53.37,84.11,31.34,0
M007,2024-03-02T10:30:00,53.42,79.26,32.15,0
M043,2024-03-02T10:35:00,54.09,78.56,28.22,0
M000,2024-03-02T10:40:00,53.7,78.15,30.13,0
M022,2024-03-02T10:45:00,57.96,75.66,26.11,0
M037,2024-03-02T10:50:00,55.44,77.72,34.38,0
M024,2024-03-02T10:55:00,56.71,78.16,33.21,0
M042,2024-03-02T11:00:00,49.36,85.99,29.65,0
M017,2024-03-02T11:05:00,56.02,72.54,30.93,0
M012,2024-03-02T11:10:00,57.38,84.28,29.49,0
M056,2024-03-02T11:15:00,56.43,80.72,30.32,0
M052,2024-03-02T11:20:00,54.0,71.64,28.97,0
M022,2024-03-02T11:25:00,57.2,79.87,29.39,0
M050,2024-03-02T11:30:00,54.64,79.62,33.45,0
M020,2024-03-02T11:35:00,50.31,71.21,25.59,0
M000,2024-03-02T11:40:00,57.83,87.66,26.87,0
M018,2024-03-02T11:45:00,52.98,72.91,31.23,0
M042,2024-03-02T11:50:00,50.6,73.54,29.43,0
M032,2024-03-02T11:55:00,53.72,84.79,28.75,0
M031,2024-03-02T12:00:00,56.78,77.58,31.77,0
M059,2024-03-02T12:05:00,53.89,82.35,29.25,0
M037,2024-03-02T12:10:00,53.12,86.35,32.63,0
M023,2024-03-02T12:15:00,53.5,83.51,27.22,0
M005,2024-03-02T12:20:00,48.73,76.38,30.81,0
M042,2024-03-02T12:25:00,50.38,72.82,29.65,0
M028,2024-03-02T12:30:00,51.99,74.8,26.56,0
M026,2024-03-02T12:35:00,53.35,82.14,30.2,0
M053,2024-03-02T12:40:00,54.18,74.79,31.17,0
M000,2024-03-02T12:45:00,52.43,79.72,30.29,0
M001,2024-03-02T12:50:00,60.68,77.22,29.18,0
M015,2024-03-02T12:55:00,54.39,73.69,31.77,0
M025,2024-03-02T13:00:00,51.44,80.77,30.29,0
M008,2024-03-02T13:05:00,52.75,79.44,31.51,0
M058,2024-03-02T13:10:00,50.69,79.49,29.5,0
M017,2024-03-02T13:15:00,54.41,85.03,30.94,0
M037,2024-03-02T13:20:00,52.93,79.57,28.15,0
M038,2024-03-02T13:25:00,52.87,73.22,30.07,0
M029,2024-03-02T13:30:00,50.36,83.12,28.6,0
M005,2024-03-02T13:35:00,55.63,84.81,31.17,0
M043,2024-03-02T13:40:00,51.96,78.9,32.07,0
M036,2024-03-02T13:45:00,56.69,82.99,32.49,0
M047,2024-03-02T13:50:00,53.65,78.77,30.73,0
M054,2024-03-02T13:55:00,54.83,79.7,31.98,0
M012,2024-03-02T14:00:00,55.68,72.81,30.48,0
M012,2024-03-02T14:05:00,52.05,78.17,29.73,0
M021,2024-03-02T14:10:00,54.71,76.61,30.65,0
M040,2024-03-02T14:15:00,50.01,85.35,31.08,0
M021,2024-03-02T14:20:00,56.39,74.71,29.03,0
M033,2024-03-02T14:25:00,51.59,76.41,30.13,0
M040,2024-03-02T14:30:00,55.59,85.23,28.33,0
M030,2024-03-02T14:35:00,53.48,89.08,30.98,0
M014,2024-03-02T14:40:00,49.87,82.09,28.81,0
M053,2024-03-02T14:45:00,54.78,82.08,29.98,0
M017,2024-03-02T14:50:00,55.28,77.48,28.82,0
M038,2024-03-02T14:55:00,54.71,78.64,27.2,0
M026,2024-03-02T15:00:00,57.96,81.08,28.77,0
M037,2024-03-02T15:05:00,58.43,76.31,31.65,0
M031,2024-03-02T15:10:00,56.15,85.69,30.78,0
M055,2024-03-02T15:15:00,59.42,88.32,29.68,0
M058,2024-03-02T15:20:00,56.58,76.01,27.06,0
M050,2024-03-02T15:25:00,49.38,71.23,32.57,0
M050,2024-03-02T15:30:00,53.65,73.85,31.43,0
M034,2024-03-02T15:35:00,52.25,81.83,27.12,0
M050,2024-03-02T15:40:00,53.1,73.21,26.46,0
M051,2024-03-02T15:45:00,58.11,84.14,30.04,0
M034,2024-03-02T15:50:00,45.72,83.22,29.49,0
M025,2024-03-02T15:55:00,54.12,81.22,28.07,0
M039,2024-03-02T16:00:00,55.12,79.42,29.69,0
M042,2024-03-02T16:05:00,56.44,80.02,29.17,0
M000,2024-03-02T16:10:00,52.15,85.79,28.57,0
M057,2024-03-02T16:15:00,56.45,75.73,31.05,0
M017,2024-03-02T16:20:00,52.33,78.41,32.69,0
M042,2024-03-02T16:25:00,56.48,78.93,27.13,0
M005,2024-03-02T16:30:00,57.88,72.69,28.93,0
M049,2024-03-02T16:35:00,54.0,93.75,29.73,0
M018,2024-03-02T16:40:00,56.21,73.88,30.1,0
M000,2024-03-02T16:45:00,54.95,78.12,26.29,0
M044,2024-03-02T16:50:00,52.52,71.35,28.88,0
M001,2024-03-02T16:55:00,54.67,83.98,30.19,0
M014,2024-03-02T17:00:00,53.1,82.7,28.26,0
M026,2024-03-02T17:05:00,52.64,75.71,31.35,0
M059,2024-03-02T17:10:00,52.82,83.62,31.13,0
M007,2024-03-02T17:15:00,54.62,72.22,30.04,0
M035,2024-03-02T17:20:00,57.77,75.77,29.88,0
M056,2024-03-02T17:25:00,55.08,90.22,29.0,0
M039,2024-03-02T17:30:00,50.88,75.72,26.97,0
M055,2024-03-02T17:35:00,58.8,86.41,30.8,0
M001,2024-03-02T17:40:00,54.6,83.81,28.87,0
M003,2024-03-02T17:45:00,50.29,73.71,31.15,0
M031,2024-03-02T17:50:00,49.26,77.87,31.18,0
M007,2024-03-02T17:55:00,46.9,82.98,29.32,0
M023,2024-03-02T18:00:00,47.92,80.16,31.33,0
M018,2024-03-02T18:05:00,52.41,79.44,28.04,0
M011,2024-03-02T18:10:00,46.35,85.43,28.02,0
M020,2024-03-02T18:15:00,48.11,82.62,29.53,0
M024,2024-03-02T18:20:00,53.36,70.35,30.29,0
M033,2024-03-02T18:25:00,51.65,83.14,31.27,0
M004,2024-03-02T18:30:00,50.83,79.0,28.45,0
M044,2024-03-02T18:35:00,50.66,76.17,29.16,0
M008,2024-03-02T18:40:00,51.83,78.83,30.24,0
M050,2024-03-02T18:45:00,50.44,83.08,32.84,0
M016,2024-03-02T18:50:00,52.35,80.42,26.11,0
M025,2024-03-02T18:55:00,51.79,77.77,29.77,0
M012,2024-03-02T19:00:00,44.79,77.95,31.7,0
M056,2024-03-02T19:05:00,54.19,74.17,27.81,0
M012,2024-03-02T19:10:00,49.67,82.24,32.01,0
M010,2024-03-02T19:15:00,46.32,81.83,31.28,0
M059,2024-03-02T19:20:00,48.23,77.67,26.0,0
M047,2024-03-02T19:25:00,50.88,94.1,29.92,0
M028,2024-03-02T19:30:00,49.95,83.27,31.97,0
M011,2024-03-02T19:35:00,45.32,79.29,29.16,0
M020,2024-03-02T19:40:00,52.01,77.78,29.35,0
M007,2024-03-02T19:45:00,52.47,78.32,28.97,0
M034,2024-03-02T19:50:00,47.14,76.68,30.08,0
M055,2024-03-02T19:55:00,54.19,76.34,30.67,0
M034,2024-03-02T20:00:00,50.2,85.52,29.2,0
M017,2024-03-02T20:05:00,48.13,74.21,30.64,0
M055,2024-03-02T20:10:00,51.62,80.05,29.47,0
M056,2024-03-02T20:15:00,46.43,80.12,30.94,0
M006,2024-03-02T20:20:00,57.26,83.5,30.28,0
M027,2024-03-02T20:25:00,46.27,82.56,32.11,0
M043,2024-03-02T20:30:00,54.32,77.51,31.34,0
M027,2024-03-02T20:35:00,53.07,80.81,27.9,0
M036,2024-03-02T20:40:00,50.91,86.1,30.04,0
M016,2024-03-02T20:45:00,47.61,75.47,32.22,0
M052,2024-03-02T20:50:00,49.08,76.58,30.09,0
M020,2024-03-02T20:55:00,51.29,80.18,28.03,0
M033,2024-03-02T21:00:00,50.18,82.78,26.47,0
M046,2024-03-02T21:05:00,50.24,76.45,32.14,0
M042,2024-03-02T21:10:00,53.46,83.25,27.28,0
M038,2024-03-02T21:15:00,52.84,75.39,27.6,0
M016,2024-03-02T21:20:00,52.1,81.25,32.4,0
M019,2024-03-02T21:25:00,48.7,67.54,27.48,0
M049,2024-03-02T21:30:00,53.77,87.04,25.58,0
M015,2024-03-02T21:35:00,61.19,74.47,30.04,0
M021,2024-03-02T21:40:00,46.49,80.56,31.0,0
M056,2024-03-02T21:45:00,51.81,85.81,24.75,0
M034,2024-03-02T21:50:00,55.06,82.25,26.7,0
M018,2024-03-02T21:55:00,48.98,78.99,28.62,0
M006,2024-03-02T22:00:00,48.5,86.39,32.78,0
M011,2024-03-02T22:05:00,48.81,83.45,29.49,0
M035,2024-03-02T22:10:00,51.15,82.5,26.38,0
M058,2024-03-02T22:15:00,47.93,79.79,30.14,0
M058,2024-03-02T22:20:00,51.2,68.5,28.86,0
M004,2024-03-02T22:25:00,47.39,68.49,24.94,0
M048,2024-03-02T22:30:00,51.81,80.53,31.66,0
M004,2024-03-02T22:35:00,50.89,88.87,30.01,0
M009,2024-03-02T22:40:00,49.43,77.39,26.33,0
M031,2024-03-02T22:45:00,52.59,75.68,31.42,0
M029,2024-03-02T22:50:00,52.37,73.12,29.94,0
M019,2024-03-02T22:55:00,54.15,81.36,28.97,0
M035,2024-03-02T23:00:00,53.21,73.42,31.76,0
M018,2024-03-02T23:05:00,53.83,93.07,32.5,0
M012,2024-03-02T23:10:00,47.85,80.59,27.74,0
M015,2024-03-02T23:15:00,53.78,85.81,30.64,0
M025,2024-03-02T23:20:00,54.32,80.57,29.7,0
M046,2024-03-02T23:25:00,47.44,79.77,29.45,0
M019,2024-03-02T23:30:00,53.76,78.73,31.44,0
M003,2024-03-02T23:35:00,49.69,79.07,29.12,0
M005,2024-03-02T23:40:00,48.07,82.26,27.95,0
M019,2024-03-02T23:45:00,47.19,85.27,30.26,0
M019,2024-03-02T23:50:00,53.78,81.92,29.33,0
M042,2024-03-02T23:55:00,50.49,79.88,29.97,0
M022,2024-03-03T00:00:00,46.68,83.54,30.66,0
M004,2024-03-03T00:05:00,53.16,77.66,29.86,0
M039,2024-03-03T00:10:00,58.78,85.16,31.5,0
M059,2024-03-03T00:15:00,51.48,80.27,28.64,0
M044,2024-03-03T00:20:00,51.08,77.54,33.72,0
M019,2024-03-03T00:25:00,48.85,86.53,33.97,0
M024,2024-03-03T00:30:00,49.75,68.22,29.53,0
M003,2024-03-03T00:35:00,58.53,82.35,29.25,0
M006,2024-03-03T00:40:00,54.69,86.58,32.28,0
M020,2024-03-03T00:45:00,52.05,79.42,32.22,0
M008,2024-03-03T00:50:00,51.83,73.43,32.31,0
M010,2024-03-03T00:55:00,50.22,79.28,31.97,0
M053,2024-03-03T01:00:00,49.7,74.24,32.18,0
M037,2024-03-03T01:05:00,54.79,81.24,33.1,0
M039,2024-03-03T01:10:00,50.59,86.92,27.33,0
M044,2024-03-03T01:15:00,53.03,74.8,28.81,0
M030,2024-03-03T01:20:00,52.9,75.45,34.37,0
M031,2024-03-03T01:25:00,52.8,76.79,27.26,0
M004,2024-03-03T01:30:00,50.62,80.24,28.69,0
M017,2024-03-03T01:35:00,54.61,76.82,31.34,0
M020,2024-03-03T01:40:00,53.92,79.93,30.96,0
M026,2024-03-03T01:45:00,50.95,83.67,29.49,0
M046,2024-03-03T01:50:00,47.82,77.39,33.59,0
M022,2024-03-03T01:55:00,51.99,94.28,28.99,0
M008,2024-03-03T02:00:00,50.93,76.93,32.48,0
M048,2024-03-03T02:05:00,51.26,80.08,32.76,0
M005,2024-03-03T02:10:00,49.69,85.24,27.59,0
M051,2024-03-03T02:15:00,49.96,86.01,30.42,0
M037,2024-03-03T02:20:00,53.04,73.94,27.98,0
M005,2024-03-03T02:25:00,52.46,79.41,31.5,0
M008,2024-03-03T02:30:00,51.25,80.58,31.76,0
M004,2024-03-03T02:35:00,51.7,79.28,30.25,0
M000,2024-03-03T02:40:00,48.4,75.52,28.56,0
M005,2024-03-03T02:45:00,54.66,82.86,28.7,0
M059,2024-03-03T02:50:00,51.6,75.75,28.24,0
M038,2024-03-03T02:55:00,48.68,81.44,30.83,0
M046,2024-03-03T03:00:00,55.17,77.5,31.03,0
M004,2024-03-03T03:05:00,57.77,74.4,30.8,0
M025,2024-03-03T03:10:00,47.32,89.58,32.23,0
M004,2024-03-03T03:15:00,59.83,81.31,28.66,0
M051,2024-03-03T03:20:00,47.64,78.45,25.93,0
M025,2024-03-03T03:25:00,53.08,81.82,28.28,0
M057,2024-03-03T03:30:00,50.3,87.58,30.48,0
M003,2024-03-03T03:35:00,55.93,81.42,31.53,0
M033,2024-03-03T03:40:00,59.03,89.85,26.51,0
M027,2024-03-03T03:45:00,47.93,80.52,26.14,0
M009,2024-03-03T03:50:00,51.93,81.54,26.71,0
M024,2024-03-03T03:55:00,51.91,80.84,27.97,0
M020,2024-03-03T04:00:00,52.63,75.21,28.58,0
M039,2024-03-03T04:05:00,52.08,91.83,26.51,0
M030,2024-03-03T04:10:00,50.16,78.37,33.27,0
M026,2024-03-03T04:15:00,47.1,80.13,31.72,0
M000,2024-03-03T04:20:00,54.37,75.44,29.32,0
M003,2024-03-03T04:25:00,48.45,82.31,34.78,0
M055,2024-03-03T04:30:00,50.72,80.8,30.59,0
M005,2024-03-03T04:35:00,50.53,82.06,27.48,0
M020,2024-03-03T04:40:00,49.22,78.33,31.88,0
M026,2024-03-03T04:45:00,47.23,74.55,31.88,0
M026,2024-03-03T04:50:00,47.5,77.81,30.11,0
M013,2024-03-03T04:55:00,51.61,80.11,33.64,0
M041,2024-03-03T05:00:00,57.53,82.97,30.98,0
M052,2024-03-03T05:05:00,57.98,91.97,30.89,0
M042,2024-03-03T05:10:00,50.55,78.21,30.11,0
M045,2024-03-03T05:15:00,49.11,81.17,30.21,0
M009,2024-03-03T05:20:00,56.71,85.15,28.85,0
M021,2024-03-03T05:25:00,45.16,78.89,31.25,0
M051,2024-03-03T05:30:00,51.32,86.63,28.68,0
M007,2024-03-03T05:35:00,48.52,72.47,29.14,0
M047,2024-03-03T05:40:00,53.97,87.5,29.24,0
M001,2024-03-03T05:45:00,54.75,85.12,30.26,0
M049,2024-03-03T05:50:00,51.91,78.6,32.27,0
M016,2024-03-03T05:55:00,56.15,80.81,30.83,0
M055,2024-03-03T06:00:00,49.64,79.79,34.23,0
M033,2024-03-03T06:05:00,54.27,85.39,32.64,0
M027,2024-03-03T06:10:00,55.06,80.08,24.84,0
M034,2024-03-03T06:15:00,59.6,80.11,30.84,0
M038,2024-03-03T06:20:00,50.69,80.0,29.13,0
M039,2024-03-03T06:25:00,50.03,79.58,31.28,0
M013,2024-03-03T06:30:00,51.27,80.93,31.9,0
M051,2024-03-03T06:35:00,56.39,75.64,31.47,0
M026,2024-03-03T06:40:00,50.89,72.79,30.49,0
M003,2024-03-03T06:45:00,55.35,78.56,28.52,0
M022,2024-03-03T06:50:00,54.44,82.89,32.61,0
M015,2024-03-03T06:55:00,54.87,84.7,29.6,0
M016,2024-03-03T07:00:00,49.57,78.12,28.27,0
M032,2024-03-03T07:05:00,55.08,79.21,29.26,0
M008,2024-03-03T07:10:00,56.9,73.61,27.71,0
M010,2024-03-03T07:15:00,53.27,80.1,26.65,0
M035,2024-03-03T07:20:00,54.7,73.95,28.95,0
M049,2024-03-03T07:25:00,55.72,72.62,33.65,0
M027,2024-03-03T07:30:00,50.24,82.48,28.17,0
M025,2024-03-03T07:35:00,51.85,79.71,32.78,0
M058,2024-03-03T07:40:00,51.94,79.47,30.96,0
M016,2024-03-03T07:45:00,54.58,75.75,32.65,0
M055,2024-03-03T07:50:00,50.3,73.28,32.72,0
M046,2024-03-03T07:55:00,47.87,84.88,31.06,0
M033,2024-03-03T08:00:00,57.04,79.75,30.83,0
M057,2024-03-03T08:05:00,53.55,74.95,30.0,0
M040,2024-03-03T08:10:00,55.45,81.96,27.9,0
M011,2024-03-03T08:15:00,47.92,82.57,27.45,0
M008,2024-03-03T08:20:00,53.2,78.92,31.18,0
M046,2024-03-03T08:25:00,53.85,81.96,28.69,0
M026,2024-03-03T08:30:00,57.36,78.3,28.47,0
M033,2024-03-03T08:35:00,54.56,80.39,31.01,0
M012,2024-03-03T08:40:00,53.0,95.93,29.96,0
M034,2024-03-03T08:45:00,53.31,80.33,27.47,0
M001,2024-03-03T08:50:00,55.49,75.27,28.94,0
M014,2024-03-03T08:55:00,50.48,80.12,30.35,0
M039,2024-03-03T09:00:00,57.17,81.07,28.11,0
M017,2024-03-03T09:05:00,53.77,89.44,28.97,0
M009,2024-03-03T09:10:00,56.46,70.7,29.46,0
M049,2024-03-03T09:15:00,47.85,81.53,30.07,0
M040,2024-03-03T09:20:00,53.86,88.69,31.43,0
M012,2024-03-03T09:25:00,55.48,75.67,25.48,0
M011,2024-03-03T09:30:00,49.5,80.13,30.42,0
M019,2024-03-03T09:35:00,55.92,82.06,27.57,0
M059,2024-03-03T09:40:00,56.85,80.14,28.87,0
M042,2024-03-03T09:45:00,53.76,82.76,29.86,0
M046,2024-03-03T09:50:00,52.73,79.43,29.45,0
M043,2024-03-03T09:55:00,55.58,87.13,28.02,0
M027,2024-03-03T10:00:00,58.15,79.45,31.06,0
M020,2024-03-03T10:05:00,55.67,73.4,30.03,0
M057,2024-03-03T10:10:00,52.08,82.14,32.31,0
M023,2024-03-03T10:15:00,54.97,81.04,32.23,0
M052,2024-03-03T10:20:00,56.84,83.24,31.0,0
M046,2024-03-03T10:25:00,54.2,74.66,27.92,0
M046,2024-03-03T10:30:00,53.63,74.03,30.4,0
M006,2024-03-03T10:35:00,52.79,83.12,28.84,0
M020,2024-03-03T10:40:00,55.42,74.22,30.41,0
M002,2024-03-03T10:45:00,59.08,84.19,27.05,0
M051,2024-03-03T10:50:00,51.16,80.58,29.3,0
M045,2024-03-03T10:55:00,56.07,84.9,27.85,0
M007,2024-03-03T11:00:00,54.95,79.4,30.95,0
M042,2024-03-03T11:05:00,51.03,84.65,26.26,0
M027,2024-03-03T11:10:00,54.13,75.74,30.0,0
M034,2024-03-03T11:15:00,57.0,85.65,27.47,0
M046,2024-03-03T11:20:00,47.0,84.86,30.2,0
M016,2024-03-03T11:25:00,53.62,88.51,27.84,0
M045,2024-03-03T11:30:00,59.77,79.5,30.55,0
M045,2024-03-03T11:35:00,55.74,80.28,31.41,0
M024,2024-03-03T11:40:00,52.8,74.18,32.97,0
M041,2024-03-03T11:45:00,54.72,82.18,28.98,0
M041,2024-03-03T11:50:00,58.62,70.2,31.25,0
M035,2024-03-03T11:55:00,55.76,68.19,29.78,0
M045,2024-03-03T12:00:00,55.2,87.12,30.42,0
M031,2024-03-03T12:05:00,51.05,82.02,30.44,0
M044,2024-03-03T12:10:00,58.19,75.92,29.44,0
M005,2024-03-03T12:15:00,50.84,81.73,32.67,0
M034,2024-03-03T12:20:00,56.46,76.32,28.08,0
M016,2024-03-03T12:25:00,51.85,81.96,31.14,0
M054,2024-03-03T12:30:00,56.91,76.37,31.92,0
M009,2024-03-03T12:35:00,55.37,83.98,31.31,0
M031,2024-03-03T12:40:00,54.32,83.66,34.42,0
M003,2024-03-03T12:45:00,55.05,87.66,27.7,0
M026,2024-03-03T12:50:00,56.38,78.18,28.43,0
M005,2024-03-03T12:55:00,54.01,76.19,30.31,0
M042,2024-03-03T13:00:00,57.17,78.14,32.19,0
M030,2024-03-03T13:05:00,53.09,77.15,24.34,0
M053,2024-03-03T13:10:00,60.25,74.87,29.34,0
M033,2024-03-03T13:15:00,54.21,81.37,31.35,0
M039,2024-03-03T13:20:00,54.12,75.54,32.51,0
M029,2024-03-03T13:25:00,55.4,83.54,29.89,0
M059,2024-03-03T13:30:00,53.58,78.4,32.83,0
M002,2024-03-03T13:35:00,50.81,82.13,31.34,0
M020,2024-03-03T13:40:00,57.98,81.05,33.64,0
M008,2024-03-03T13:45:00,55.9,83.74,31.46,0
M045,2024-03-03T13:50:00,54.11,76.26,27.54,0
M033,2024-03-03T13:55:00,57.09,76.03,29.08,0
M040,2024-03-03T14:00:00,51.14,82.83,26.73,0
M015,2024-03-03T14:05:00,56.16,81.7,29.53,0
M045,2024-03-03T14:10:00,62.67,80.34,28.07,0
M044,2024-03-03T14:15:00,53.3,83.57,33.11,0
M007,2024-03-03T14:20:00,52.03,72.43,29.25,0
M055,2024-03-03T14:25:00,58.63,80.29,31.66,0
M016,2024-03-03T14:30:00,50.68,64.43,27.95,0
M018,2024-03-03T14:35:00,54.13,88.8,30.44,0
M051,2024-03-03T14:40:00,49.62,76.7,28.04,0
M023,2024-03-03T14:45:00,50.69,77.3,31.93,0
M023,2024-03-03T14:50:00,46.64,79.21,30.41,0
M048,2024-03-03T14:55:00,48.91,83.31,33.21,0
M043,2024-03-03T15:00:00,49.29,76.78,31.82,0
M036,2024-03-03T15:05:00,49.71,83.43,29.03,0
M020,2024-03-03T15:10:00,49.61,79.04,29.58,0
M027,2024-03-03T15:15:00,47.98,90.42,34.05,0
M013,2024-03-03T15:20:00,49.03,83.96,29.99,0
M032,2024-03-03T15:25:00,46.97,81.99,28.86,0
M053,2024-03-03T15:30:00,51.39,79.38,30.26,0
M032,2024-03-03T15:35:00,51.61,65.37,29.91,0
M044,2024-03-03T15:40:00,44.84,79.97,28.71,0
M056,2024-03-03T15:45:00,49.4,80.32,30.65,0
M049,2024-03-03T15:50:00,48.1,79.61,28.58,0
M000,2024-03-03T15:55:00,51.32,80.1,26.42,0
M015,2024-03-03T16:00:00,44.54,75.68,27.52,0
M046,2024-03-03T16:05:00,51.62,87.17,29.4,0
M042,2024-03-03T16:10:00,50.57,78.53,32.61,0
M041,2024-03-03T16:15:00,50.04,70.99,30.01,0
M002,2024-03-03T16:20:00,52.98,82.56,31.09,0
M004,2024-03-03T16:25:00,50.2,72.19,31.29,0
M018,2024-03-03T16:30:00,47.69,74.0,31.24,0
M034,2024-03-03T16:35:00,45.77,79.89,31.23,0
M012,2024-03-03T16:40:00,56.4,78.78,26.86,0
M052,2024-03-03T16:45:00,50.29,83.02,30.47,0
M018,2024-03-03T16:50:00,52.98,74.22,29.47,0
M002,2024-03-03T16:55:00,48.17,92.99,30.8,0
M059,2024-03-03T17:00:00,56.47,87.1,31.76,0
M026,2024-03-03T17:05:00,54.45,84.36,29.8,0
M059,2024-03-03T17:10:00,49.18,90.92,29.12,0
M028,2024-03-03T17:15:00,49.4,85.49,27.25,0
M041,2024-03-03T17:20:00,48.54,78.14,28.11,0
M002,2024-03-03T17:25:00,50.04,78.64,32.7,0
M033,2024-03-03T17:30:00,46.55,72.63,28.16,0
M039,2024-03-03T17:35:00,47.34,69.18,32.43,0
M028,2024-03-03T17:40:00,50.52,73.08,29.61,0
M052,2024-03-03T17:45:00,43.76,81.46,31.71,0
M025,2024-03-03T17:50:00,52.58,87.78,26.42,0
M001,2024-03-03T17:55:00,46.34,69.54,29.94,0
M003,2024-03-03T18:00:00,53.3,81.04,30.57,0
M050,2024-03-03T18:05:00,50.79,82.06,27.05,0
M042,2024-03-03T18:10:00,49.49,82.03,29.8,0
M009,2024-03-03T18:15:00,49.12,76.99,32.82,0
M058,2024-03-03T18:20:00,48.71,78.02,31.95,0
M007,2024-03-03T18:25:00,51.0,83.71,28.84,0
M000,2024-03-03T18:30:00,53.1,82.69,29.94,0
M057,2024-03-03T18:35:00,51.93,85.18,30.55,0
M045,2024-03-03T18:40:00,47.23,80.91,30.04,0
M037,2024-03-03T18:45:00,47.34,85.96,30.17,0
M011,2024-03-03T18:50:00,50.03,76.62,29.91,0
M053,2024-03-03T18:55:00,41.06,77.53,28.89,0
M059,2024-03-03T19:00:00,53.58,87.09,26.19,0
M025,2024-03-03T19:05:00,49.24,82.09,34.3,0
M034,2024-03-03T19:10:00,50.48,90.82,30.85,0
M053,2024-03-03T19:15:00,50.85,80.53,28.5,0
M011,2024-03-03T19:20:00,52.79,86.76,29.61,0
M021,2024-03-03T19:25:00,50.23,72.03,29.78,0
M026,2024-03-03T19:30:00,49.7,80.11,30.59,0
M034,2024-03-03T19:35:00,55.71,83.7,32.26,0
M011,2024-03-03T19:40:00,54.42,87.92,28.99,0
M014,2024-03-03T19:45:00,48.03,78.4,29.38,0
M018,2024-03-03T19:50:00,46.06,75.21,30.24,0
M008,2024-03-03T19:55:00,49.09,80.09,31.0,0
M027,2024-03-03T20:00:00,49.3,79.25,29.0,0
M015,2024-03-03T20:05:00,57.0,75.9,28.76,0
M042,2024-03-03T20:10:00,50.18,83.85,32.68,0
M023,2024-03-03T20:15:00,51.47,73.14,29.39,0
M034,2024-03-03T20:20:00,55.1,78.55,29.3,0
M000,2024-03-03T20:25:00,54.86,78.07,31.57,0
M004,2024-03-03T20:30:00,55.3,76.83,30.47,0
M000,2024-03-03T20:35:00,47.68,88.12,29.61,0
M057,2024-03-03T20:40:00,47.67,77.94,30.5,0
M024,2024-03-03T20:45:00,45.1,83.86,29.74,0
M059,2024-03-03T20:50:00,49.72,84.27,30.12,0
M017,2024-03-03T20:55:00,53.17,78.78,32.65,0
M014,2024-03-03T21:00:00,48.01,73.85,34.11,0
M021,2024-03-03T21:05:00,55.99,85.24,25.86,0
M013,2024-03-03T21:10:00,48.53,84.02,31.77,0
M009,2024-03-03T21:15:00,55.18,84.73,31.41,0
M058,2024-03-03T21:20:00,51.03,82.45,30.94,0
M009,2024-03-03T21:25:00,50.13,80.2,32.06,0
M029,2024-03-03T21:30:00,54.09,73.75,34.34,0
M028,2024-03-03T21:35:00,55.38,77.26,29.45,0
M033,2024-03-03T21:40:00,50.53,70.08,34.22,0
M003,2024-03-03T21:45:00,55.05,82.19,27.62,0
M052,2024-03-03T21:50:00,50.51,79.26,30.6,0
M046,2024-03-03T21:55:00,51.84,73.91,31.66,0
M023,2024-03-03T22:00:00,51.87,71.96,29.77,0
M016,2024-03-03T22:05:00,49.88,71.25,31.75,0
M030,2024-03-03T22:10:00,51.02,86.83,31.1,0
M047,2024-03-03T22:15:00,48.73,76.51,29.97,0
M000,2024-03-03T22:20:00,56.39,76.38,29.49,0
M017,2024-03-03T22:25:00,55.34,88.71,28.55,0
M053,2024-03-03T22:30:00,49.22,77.36,33.89,0
M029,2024-03-03T22:35:00,49.19,82.16,26.63,0
M036,2024-03-03T22:40:00,51.11,91.96,32.13,0
M051,2024-03-03T22:45:00,48.9,87.2,29.91,0
M047,2024-03-03T22:50:00,49.06,70.73,27.76,0
M010,2024-03-03T22:55:00,50.7,79.87,31.29,0
M050,2024-03-03T23:00:00,50.43,79.16,32.01,0
M022,2024-03-03T23:05:00,56.41,72.8,27.76,0
M020,2024-03-03T23:10:00,51.67,78.72,27.26,0
M002,2024-03-03T23:15:00,49.19,76.94,33.51,0
M006,2024-03-03T23:20:00,50.87,88.42,30.25,0
M059,2024-03-03T23:25:00,49.3,72.62,26.5,0
M051,2024-03-03T23:30:00,55.31,77.42,32.23,0
M036,2024-03-03T23:35:00,48.02,75.2,31.72,0
M038,2024-03-03T23:40:00,53.64,77.68,29.03,0
M026,2024-03-03T23:45:00,47.08,75.68,30.19,0
M020,2024-03-03T23:50:00,53.3,88.59,29.74,0
M054,2024-03-03T23:55:00,48.33,81.82,32.63,0
M009,2024-03-04T00:00:00,44.87,81.49,34.93,0
M028,2024-03-04T00:05:00,55.19,86.53,31.99,0
M046,2024-03-04T00:10:00,50.96,83.14,33.13,0
M020,2024-03-04T00:15:00,53.64,87.24,32.08,0
M016,2024-03-04T00:20:00,53.25,77.64,29.36,0
M022,2024-03-04T00:25:00,51.13,78.26,28.04,0
M028,2024-03-04T00:30:00,56.56,78.41,31.43,0
M017,2024-03-04T00:35:00,56.21,79.02,30.82,0
M055,2024-03-04T00:40:00,46.76,80.7,31.46,0
M056,2024-03-04T00:45:00,52.0,78.16,31.26,0
M033,2024-03-04T00:50:00,52.03,68.36,29.62,0
M021,2024-03-04T00:55:00,50.25,80.92,29.64,0
M005,2024-03-04T01:00:00,50.1,84.26,29.09,0
M027,2024-03-04T01:05:00,57.79,74.46,31.36,0
M034,2024-03-04T01:10:00,48.65,79.4,27.91,0
M017,2024-03-04T01:15:00,56.89,75.63,31.24,0
M041,2024-03-04T01:20:00,53.29,79.99,32.52,0
M046,2024-03-04T01:25:00,53.08,90.72,30.12,0
M056,2024-03-04T01:30:00,52.34,88.65,29.73,0
M028,2024-03-04T01:35:00,56.81,77.26,28.59,0
M054,2024-03-04T01:40:00,49.58,73.52,25.93,0
M036,2024-03-04T01:45:00,49.79,81.15,30.7,0
M021,2024-03-04T01:50:00,53.63,85.46,33.38,0
M008,2024-03-04T01:55:00,53.7,79.07,28.43,0
M004,2024-03-04T02:00:00,51.44,88.24,32.56,0
M040,2024-03-04T02:05:00,52.7,76.15,30.83,0
M002,2024-03-04T02:10:00,60.52,70.01,33.28,0
M053,2024-03-04T02:15:00,51.12,79.91,30.53,0
M025,2024-03-04T02:20:00,54.39,85.95,28.48,0
M033,2024-03-04T02:25:00,56.02,76.58,30.28,0
M040,2024-03-04T02:30:00,50.16,82.13,28.11,0
M015,2024-03-04T02:35:00,51.16,74.93,29.66,0
M035,2024-03-04T02:40:00,52.9,85.02,30.88,0
M050,2024-03-04T02:45:00,55.68,76.38,27.06,0
M015,2024-03-04T02:50:00,51.04,81.57,29.76,0
M056,2024-03-04T02:55:00,45.53,85.44,28.02,0
M027,2024-03-04T03:00:00,48.5,75.66,29.82,0
M013,2024-03-04T03:05:00,58.28,72.03,31.72,0
M036,2024-03-04T03:10:00,55.99,84.81,30.66,0
M050,2024-03-04T03:15:00,52.29,85.72,32.15,0
M058,2024-03-04T03:20:00,49.51,88.88,33.84,0
M050,2024-03-04T03:25:00,55.14,79.34,30.3,0
M007,2024-03-04T03:30:00,53.8,70.68,29.99,0
M035,2024-03-04T03:35:00,54.87,82.26,32.14,0
M003,2024-03-04T03:40:00,50.34,81.32,29.9,0
M023,2024-03-04T03:45:00,55.45,74.87,31.37,0
M026,2024-03-04T03:50:00,50.53,77.56,28.55,0
M050,2024-03-04T03:55:00,57.63,73.31,33.12,0
M043,2024-03-04T04:00:00,54.94,85.07,30.31,0
M051,2024-03-04T04:05:00,58.27,75.72,26.45,0
M005,2024-03-04T04:10:00,57.1,79.39,31.63,0
M037,2024-03-04T04:15:00,57.93,86.38,26.9,0
M054,2024-03-04T04:20:00,57.35,81.35,29.15,0
M014,2024-03-04T04:25:00,51.81,83.4,28.45,0
M031,2024-03-04T04:30:00,54.26,75.5,31.18,0
M018,2024-03-04T04:35:00,50.63,85.27,30.15,0
M011,2024-03-04T04:40:00,53.83,80.74,30.58,0
M056,2024-03-04T04:45:00,57.95,76.56,29.49,0
M012,2024-03-04T04:50:00,56.72,80.48,31.61,0
M044,2024-03-04T04:55:00,51.21,80.4,28.32,0
M040,2024-03-04T05:00:00,54.86,80.53,28.61,0
M033,2024-03-04T05:05:00,55.7,76.67,26.57,0
M023,2024-03-04T05:10:00,51.21,80.24,31.2,0
M039,2024-03-04T05:15:00,45.57,88.14,30.09,0
M051,2024-03-04T05:20:00,56.43,79.19,28.98,0
M046,2024-03-04T05:25:00,56.1,77.54,30.4,0
M001,2024-03-04T05:30:00,53.84,80.64,27.05,0
M010,2024-03-04T05:35:00,47.86,69.38,29.91,0
M011,2024-03-04T05:40:00,56.33,88.84,29.25,0
M024,2024-03-04T05:45:00,53.77,91.47,30.56,0
M000,2024-03-04T05:50:00,56.14,83.64,31.12,0
M056,2024-03-04T05:55:00,55.46,74.93,32.15,0
M053,2024-03-04T06:00:00,50.33,88.99,29.15,0
M053,2024-03-04T06:05:00,57.46,84.77,28.69,0
M002,2024-03-04T06:10:00,50.29,70.21,32.84,0
M013,2024-03-04T06:15:00,50.33,82.59,27.87,0
M030,2024-03-04T06:20:00,49.72,73.65,30.4,0
M051,2024-03-04T06:25:00,50.45,75.01,28.81,0
M039,2024-03-04T06:30:00,53.34,80.76,34.33,0
M059,2024-03-04T06:35:00,51.74,81.53,27.43,0
M048,2024-03-04T06:40:00,56.94,76.51,29.93,0
M057,2024-03-04T06:45:00,53.43,73.34,33.44,0
M012,2024-03-04T06:50:00,51.06,84.63,26.27,0
M046,2024-03-04T06:55:00,53.45,78.4,29.84,0
M003,2024-03-04T07:00:00,55.41,76.97,28.28,0
M058,2024-03-04T07:05:00,52.23,82.59,29.11,0
M033,2024-03-04T07:10:00,50.63,76.49,28.27,0
M003,2024-03-04T07:15:00,57.75,81.21,33.42,0
M053,2024-03-04T07:20:00,51.0,83.38,31.95,0
M031,2024-03-04T07:25:00,53.54,66.57,30.52,0
M017,2024-03-04T07:30:00,53.14,87.42,29.09,0
M036,2024-03-04T07:35:00,59.4,81.29,33.72,0
M028,2024-03-04T07:40:00,50.18,79.26,29.5,0
M022,2024-03-04T07:45:00,52.03,80.5,28.83,0
M054,2024-03-04T07:50:00,54.16,83.77,30.38,0
M050,2024-03-04T07:55:00,60.71,83.31,26.18,0
M046,2024-03-04T08:00:00,56.08,74.85,27.63,0
M012,2024-03-04T08:05:00,57.76,73.47,31.1,0
M042,2024-03-04T08:10:00,63.51,77.3,29.22,0
M049,2024-03-04T08:15:00,50.95,77.0,30.06,0
M000,2024-03-04T08:20:00,51.39,71.91,28.64,0
M053,2024-03-04T08:25:00,59.23,82.66,30.31,0
M003,2024-03-04T08:30:00,59.41,71.29,27.05,0
M027,2024-03-04T08:35:00,57.39,78.87,28.59,0
M058,2024-03-04T08:40:00,57.06,81.28,29.65,0
M059,2024-03-04T08:45:00,53.94,81.15,28.41,0
M029,2024-03-04T08:50:00,55.0,79.2,32.23,0
M015,2024-03-04T08:55:00,51.11,76.31,32.66,0
M031,2024-03-04T09:00:00,61.24,84.36,30.02,0
M029,2024-03-04T09:05:00,53.92,80.49,27.99,0
M053,2024-03-04T09:10:00,53.88,77.23,31.41,0
M056,2024-03-04T09:15:00,59.81,77.26,28.93,0
M051,2024-03-04T09:20:00,55.64,77.32,28.23,0
M059,2024-03-04T09:25:00,57.18,77.64,29.79,0
M035,2024-03-04T09:30:00,56.89,86.36,28.92,0
M036,2024-03-04T09:35:00,56.64,81.02,29.13,0
M054,2024-03-04T09:40:00,53.67,90.45,30.84,0
M018,2024-03-04T09:45:00,52.77,83.11,27.94,0
M044,2024-03-04T09:50:00,60.39,63.25,29.92,0
M024,2024-03-04T09:55:00,55.93,75.27,29.5,0
M026,2024-03-04T10:00:00,55.89,87.25,35.37,0
M055,2024-03-04T10:05:00,57.13,83.38,31.14,0
M044,2024-03-04T10:10:00,56.19,75.01,29.85,0
M021,2024-03-04T10:15:00,51.37,84.6,29.07,0
M031,2024-03-04T10:20:00,55.33,72.97,32.72,0
M043,2024-03-04T10:25:00,47.56,87.11,30.78,0
M024,2024-03-04T10:30:00,54.58,82.99,31.41,0
M020,2024-03-04T10:35:00,52.72,81.46,28.11,0
M057,2024-03-04T10:40:00,56.19,85.42,29.58,0
M048,2024-03-04T10:45:00,50.08,75.41,32.16,0
M031,2024-03-04T10:50:00,55.19,87.24,29.91,0
M027,2024-03-04T10:55:00,56.28,84.65,30.77,0
M050,2024-03-04T11:00:00,50.86,75.1,28.31,0
M050,2024-03-04T11:05:00,54.12,74.79,27.22,0
M038,2024-03-04T11:10:00,53.59,78.79,30.31,0
M021,2024-03-04T11:15:00,52.09,79.47,30.01,0
M025,2024-03-04T11:20:00,49.39,77.95,31.18,0
M045,2024-03-04T11:25:00,51.85,79.84,28.48,0
M037,2024-03-04T11:30:00,47.64,83.22,29.39,0
M004,2024-03-04T11:35:00,46.2,84.16,32.73,0
M005,2024-03-04T11:40:00,52.96,78.39,28.59,0
M038,2024-03-04T11:45:00,50.12,79.17,30.16,0
M015,2024-03-04T11:50:00,51.87,85.89,31.54,0
M036,2024-03-04T11:55:00,52.21,76.06,28.75,0
M054,2024-03-04T12:00:00,47.69,77.24,29.35,0
M031,2024-03-04T12:05:00,47.38,80.83,29.05,0
M036,2024-03-04T12:10:00,49.87,84.08,29.07,0
M015,2024-03-04T12:15:00,47.99,83.52,29.66,0
M038,2024-03-04T12:20:00,48.19,86.59,32.45,0
M015,2024-03-04T12:25:00,48.68,84.73,33.12,0
M008,2024-03-04T12:30:00,54.76,81.02,29.58,0
M000,2024-03-04T12:35:00,51.12,83.36,31.41,0
M045,2024-03-04T12:40:00,49.77,85.56,30.34,0
M033,2024-03-04T12:45:00,53.23,86.53,27.2,0
M038,2024-03-04T12:50:00,47.22,86.23,30.93,0
M050,2024-03-04T12:55:00,45.43,83.21,29.57,0
M045,2024-03-04T13:00:00,53.07,77.71,31.53,0
M056,2024-03-04T13:05:00,50.13,76.46,28.17,0
M038,2024-03-04T13:10:00,48.76,80.45,30.56,0
M019,2024-03-04T13:15:00,52.29,84.82,31.9,0
M038,2024-03-04T13:20:00,49.2,83.45,31.85,0
M050,2024-03-04T13:25:00,46.46,80.01,28.85,0
M043,2024-03-04T13:30:00,56.19,86.17,29.07,0
M023,2024-03-04T13:35:00,53.95,86.65,27.85,0
M053,2024-03-04T13:40:00,52.25,75.74,28.09,0
M001,2024-03-04T13:45:00,52.85,82.14,32.89,0
M057,2024-03-04T13:50:00,50.05,80.56,32.87,0
M019,2024-03-04T13:55:00,50.71,78.14,31.77,0
M007,2024-03-04T14:00:00,52.22,73.64,32.32,0
M044,2024-03-04T14:05:00,47.87,75.94,26.03,0
M008,2024-03-04T14:10:00,49.18,81.7,29.68,0
M015,2024-03-04T14:15:00,52.34,82.68,28.92,0
M001,2024-03-04T14:20:00,48.15,80.23,32.66,0
M009,2024-03-04T14:25:00,52.83,80.76,31.78,0
M040,2024-03-04T14:30:00,53.97,82.54,29.78,0
M014,2024-03-04T14:35:00,48.35,78.57,32.32,0
M018,2024-03-04T14:40:00,48.31,76.6,29.43,0
M011,2024-03-04T14:45:00,50.66,77.21,33.34,0
M045,2024-03-04T14:50:00,51.31,77.79,32.85,0
M006,2024-03-04T14:55:00,53.42,83.96,35.03,0
M022,2024-03-04T15:00:00,51.07,82.06,31.5,0
M004,2024-03-04T15:05:00,54.18,83.71,27.98,0
M004,2024-03-04T15:10:00,48.66,81.39,32.81,0
M031,2024-03-04T15:15:00,42.0,76.86,30.69,0
M004,2024-03-04T15:20:00,47.5,88.86,31.93,0
M015,2024-03-04T15:25:00,46.46,78.12,30.4,0
M029,2024-03-04T15:30:00,50.48,74.43,30.5,0
M042,2024-03-04T15:35:00,45.42,73.45,31.87,0
M020,2024-03-04T15:40:00,48.11,81.35,29.89,0
M048,2024-03-04T15:45:00,49.71,83.4,29.15,0
M012,2024-03-04T15:50:00,48.92,74.72,32.92,0
M024,2024-03-04T15:55:00,51.28,75.13,26.59,0
M036,2024-03-04T16:00:00,49.65,77.38,29.05,0
M045,2024-03-04T16:05:00,57.58,73.5,28.82,0
M037,2024-03-04T16:10:00,54.75,79.41,30.06,0
M013,2024-03-04T16:15:00,52.58,80.62,31.03,0
M010,2024-03-04T16:20:00,52.44,85.41,30.41,0
M001,2024-03-04T16:25:00,52.57,88.24,29.25,0
M017,2024-03-04T16:30:00,48.23,85.77,28.91,0
M004,2024-03-04T16:35:00,52.15,77.12,30.65,0
M003,2024-03-04T16:40:00,49.49,72.87,32.21,0
M059,2024-03-04T16:45:00,50.09,73.47,32.94,0
M045,2024-03-04T16:50:00,51.09,78.55,30.47,0
M038,2024-03-04T16:55:00,48.68,81.38,28.89,0
M012,2024-03-04T17:00:00,59.28,78.67,25.56,0
M047,2024-03-04T17:05:00,48.53,73.02,28.41,0
M001,2024-03-04T17:10:00,50.17,89.26,29.33,0
M034,2024-03-04T17:15:00,51.22,90.94,31.38,0
M038,2024-03-04T17:20:00,52.16,77.61,30.93,0
M031,2024-03-04T17:25:00,51.81,78.56,31.02,0
M006,2024-03-04T17:30:00,47.39,82.49,26.38,0
M035,2024-03-04T17:35:00,48.36,88.25,29.92,0
M000,2024-03-04T17:40:00,50.38,81.17,31.92,0
M005,2024-03-04T17:45:00,48.35,88.59,30.85,0
M046,2024-03-04T17:50:00,53.81,73.7,30.4,0
M016,2024-03-04T17:55:00,47.79,79.17,30.62,0
M048,2024-03-04T18:00:00,56.18,74.72,32.09,0
M020,2024-03-04T18:05:00,56.19,76.79,29.69,0
M003,2024-03-04T18:10:00,56.02,72.16,29.94,0
M040,2024-03-04T18:15:00,48.51,79.98,31.54,0
M049,2024-03-04T18:20:00,53.02,87.04,28.44,0
M034,2024-03-04T18:25:00,52.63,82.62,34.93,0
M009,2024-03-04T18:30:00,56.15,71.16,26.83,0
M008,2024-03-04T18:35:00,54.84,76.34,32.09,0
M046,2024-03-04T18:40:00,51.35,83.77,33.05,0
M028,2024-03-04T18:45:00,50.81,73.38,26.28,0
M031,2024-03-04T18:50:00,49.67,83.8,27.25,0
M002,2024-03-04T18:55:00,47.63,78.73,28.37,0
M049,2024-03-04T19:00:00,47.93,76.59,32.45,0
M041,2024-03-04T19:05:00,50.86,81.92,30.1,0
M018,2024-03-04T19:10:00,52.19,90.23,29.51,0
M053,2024-03-04T19:15:00,50.37,76.41,27.28,0
M005,2024-03-04T19:20:00,55.58,81.47,27.42,0
M012,2024-03-04T19:25:00,53.93,91.72,29.29,0
M052,2024-03-04T19:30:00,57.33,80.12,32.36,0
M053,2024-03-04T19:35:00,50.35,78.48,30.99,0
M014,2024-03-04T19:40:00,56.26,73.93,30.91,0
M012,2024-03-04T19:45:00,49.02,80.37,29.69,0
M006,2024-03-04T19:50:00,49.86,72.15,31.38,0
M039,2024-03-04T19:55:00,52.97,68.52,30.34,0
M037,2024-03-04T20:00:00,52.73,76.41,31.48,0
M018,2024-03-04T20:05:00,53.07,76.98,32.36,0
M003,2024-03-04T20:10:00,48.95,77.36,28.44,0
M007,2024-03-04T20:15:00,48.78,81.83,35.75,0
M038,2024-03-04T20:20:00,51.19,78.11,26.51,0
M000,2024-03-04T20:25:00,45.86,80.67,33.77,0
M022,2024-03-04T20:30:00,57.19,88.32,33.78,0
M008,2024-03-04T20:35:00,51.13,78.8,32.11,0
M004,2024-03-04T20:40:00,51.38,72.58,29.97,0
M019,2024-03-04T20:45:00,46.81,86.59,30.78,0
M049,2024-03-04T20:50:00,51.2,83.31,28.83,0
M018,2024-03-04T20:55:00,46.89,85.88,30.5,0
M023,2024-03-04T21:00:00,51.24,74.18,31.03,0
M026,2024-03-04T21:05:00,51.01,81.03,29.69,0
M006,2024-03-04T21:10:00,51.02,78.31,29.55,0
M029,2024-03-04T21:15:00,50.4,78.19,28.4,0
M017,2024-03-04T21:20:00,54.07,71.54,31.73,0
M045,2024-03-04T21:25:00,51.39,87.69,32.94,0
M051,2024-03-04T21:30:00,50.44,82.68,28.48,0
M037,2024-03-04T21:35:00,56.13,84.11,29.6,0
M021,2024-03-04T21:40:00,50.94,77.05,32.35,0
M043,2024-03-04T21:45:00,48.4,84.74,29.01,0
M029,2024-03-04T21:50:00,50.94,79.67,33.41,0
M057,2024-03-04T21:55:00,49.27,79.18,31.21,0
M004,2024-03-04T22:00:00,49.25,93.11,32.24,0
M025,2024-03-04T22:05:00,54.29,83.99,30.31,0
M025,2024-03-04T22:10:00,56.07,82.65,27.91,0
M053,2024-03-04T22:15:00,51.42,76.94,30.37,0
M040,2024-03-04T22:20:00,52.39,77.16,31.64,0
M039,2024-03-04T22:25:00,55.0,77.15,30.55,0
M022,2024-03-04T22:30:00,52.73,77.59,28.16,0
M025,2024-03-04T22:35:00,52.29,78.92,31.72,0
M014,2024-03-04T22:40:00,54.85,87.31,29.2,0
M026,2024-03-04T22:45:00,51.47,69.15,30.84,0
M009,2024-03-04T22:50:00,57.47,69.06,30.23,0
M055,2024-03-04T22:55:00,53.56,83.66,26.29,0
M028,2024-03-04T23:00:00,52.04,83.3,32.85,0
M046,2024-03-04T23:05:00,56.07,78.95,34.8,0
M042,2024-03-04T23:10:00,57.67,80.71,31.19,0
M051,2024-03-04T23:15:00,51.6,80.59,31.58,0
M027,2024-03-04T23:20:00,52.0,88.31,28.2,0
M000,2024-03-04T23:25:00,51.89,92.61,31.43,0
M047,2024-03-04T23:30:00,53.68,81.28,33.26,0
M059,2024-03-04T23:35:00,58.74,74.31,29.95,0
M032,2024-03-04T23:40:00,57.11,81.97,27.61,0
M040,2024-03-04T23:45:00,50.74,78.98,28.61,0
M059,2024-03-04T23:50:00,49.8,78.34,31.56,0
M040,2024-03-04T23:55:00,53.76,76.67,31.17,0
M024,2024-03-05T00:00:00,52.26,87.86,29.48,0
M026,2024-03-05T00:05:00,50.79,70.32,31.61,0
M007,2024-03-05T00:10:00,57.77,82.35,31.83,0
M038,2024-03-05T00:15:00,56.88,77.2,27.61,0
M030,2024-03-05T00:20:00,50.84,75.65,32.22,0
M031,2024-03-05T00:25:00,58.58,74.71,30.82,0
M035,2024-03-05T00:30:00,53.39,85.57,28.74,0
M053,2024-03-05T00:35:00,52.89,85.7,31.7,0
M055,2024-03-05T00:40:00,56.5,83.83,28.4,0
M004,2024-03-05T00:45:00,52.37,76.24,30.26,0
M036,2024-03-05T00:50:00,52.72,85.31,29.64,0
M045,2024-03-05T00:55:00,53.9,91.95,29.15,0
M048,2024-03-05T01:00:00,52.51,82.73,29.37,0
M007,2024-03-05T01:05:00,53.02,74.09,33.05,0
M004,2024-03-05T01:10:00,49.72,84.61,29.23,0
M047,2024-03-05T01:15:00,56.84,83.03,30.86,0
M001,2024-03-05T01:20:00,57.19,80.35,32.0,0
M009,2024-03-05T01:25:00,52.65,70.23,30.49,0
M054,2024-03-05T01:30:00,51.43,70.73,31.32,0
M022,2024-03-05T01:35:00,48.67,80.28,29.83,0
M016,2024-03-05T01:40:00,48.15,72.41,31.32,0
M044,2024-03-05T01:45:00,55.8,86.36,25.15,0
M028,2024-03-05T01:50:00,52.99,82.47,30.53,0
M039,2024-03-05T01:55:00,58.28,83.75,26.89,0
M027,2024-03-05T02:00:00,52.53,73.83,26.69,0
M008,2024-03-05T02:05:00,45.85,80.77,26.21,0
M051,2024-03-05T02:10:00,55.34,84.62,33.72,0
M043,2024-03-05T02:15:00,55.0,80.17,31.19,0
M016,2024-03-05T02:20:00,52.89,83.5,32.86,0
M050,2024-03-05T02:25:00,52.81,79.88,32.14,0
M024,2024-03-05T02:30:00,54.48,79.82,26.8,0
M036,2024-03-05T02:35:00,52.55,79.06,28.27,0
M009,2024-03-05T02:40:00,54.85,84.51,32.51,0
M019,2024-03-05T02:45:00,52.27,87.43,31.98,0
M012,2024-03-05T02:50:00,55.23,78.01,28.66,0
M004,2024-03-05T02:55:00,54.45,78.59,29.24,0
M024,2024-03-05T03:00:00,57.55,84.24,30.3,0
M059,2024-03-05T03:05:00,51.33,77.84,27.6,0
M043,2024-03-05T03:10:00,54.46,77.97,29.86,0
M034,2024-03-05T03:15:00,58.11,77.32,31.98,0
M003,2024-03-05T03:20:00,56.56,83.74,34.0,0
M029,2024-03-05T03:25:00,50.07,76.63,30.53,0
M027,2024-03-05T03:30:00,51.62,83.17,30.13,0
M054,2024-03-05T03:35:00,56.89,78.9,33.78,0
M021,2024-03-05T03:40:00,51.24,78.06,29.35,0
M018,2024-03-05T03:45:00,52.61,81.77,30.37,0
M031,2024-03-05T03:50:00,51.24,73.64,28.76,0
M014,2024-03-05T03:55:00,54.54,84.37,26.94,0
M021,2024-03-05T04:00:00,52.58,71.03,32.25,0
M053,2024-03-05T04:05:00,55.01,78.14,32.68,0
M014,2024-03-05T04:10:00,56.08,86.99,33.0,0
M052,2024-03-05T04:15:00,49.63,84.05,29.49,0
M029,2024-03-05T04:20:00,53.48,84.66,30.48,0
M048,2024-03-05T04:25:00,50.18,78.69,31.6,0
M006,2024-03-05T04:30:00,56.93,81.44,31.79,0
M049,2024-03-05T04:35:00,53.2,80.78,30.84,0
M019,2024-03-05T04:40:00,53.9,80.8,31.39,0
M017,2024-03-05T04:45:00,55.89,87.71,27.49,0
M047,2024-03-05T04:50:00,50.91,86.66,30.33,0
M027,2024-03-05T04:55:00,54.94,79.55,31.75,0
M035,2024-03-05T05:00:00,49.26,74.51,29.43,0
M047,2024-03-05T05:05:00,53.78,84.62,32.68,0
M006,2024-03-05T05:10:00,54.47,88.39,28.26,0
M007,2024-03-05T05:15:00,55.79,79.76,26.43,0
M002,2024-03-05T05:20:00,50.32,78.18,28.01,0
M011,2024-03-05T05:25:00,55.05,80.75,32.84,0
M014,2024-03-05T05:30:00,58.31,76.69,28.47,0
M002,2024-03-05T05:35:00,53.68,81.54,30.84,0
M004,2024-03-05T05:40:00,56.48,71.9,31.12,0
M054,2024-03-05T05:45:00,54.84,81.91,28.93,0
M040,2024-03-05T05:50:00,53.82,86.17,28.27,0
M009,2024-03-05T05:55:00,53.29,81.69,32.24,0
M055,2024-03-05T06:00:00,55.63,85.76,28.23,0
M007,2024-03-05T06:05:00,52.53,78.71,30.55,0
M040,2024-03-05T06:10:00,53.09,73.8,28.27,0
M000,2024-03-05T06:15:00,51.04,73.07,32.1,0
M040,2024-03-05T06:20:00,57.68,80.95,31.08,0
M009,2024-03-05T06:25:00,53.63,81.8,29.38,0
M018,2024-03-05T06:30:00,54.4,75.06,27.9,0
M025,2024-03-05T06:35:00,47.62,76.71,29.72,0
M002,2024-03-05T06:40:00,57.38,70.81,29.53,0
M006,2024-03-05T06:45:00,57.19,81.9,29.96,0
M029,2024-03-05T06:50:00,51.63,78.5,30.72,0
M038,2024-03-05T06:55:00,50.23,74.47,29.77,0
M018,2024-03-05T07:00:00,54.42,76.14,33.28,0
M052,2024-03-05T07:05:00,56.43,68.96,29.71,0
M039,2024-03-05T07:10:00,60.37,81.64,30.96,0
M011,2024-03-05T07:15:00,49.32,80.34,29.15,0
M043,2024-03-05T07:20:00,57.16,82.58,30.4,0
M003,2024-03-05T07:25:00,56.32,83.11,29.72,0
M046,2024-03-05T07:30:00,54.07,83.23,28.79,0
M043,2024-03-05T07:35:00,55.74,85.76,29.98,0
M053,2024-03-05T07:40:00,55.5,74.81,28.37,0
M018,2024-03-05T07:45:00,56.52,76.89,27.14,0
M020,2024-03-05T07:50:00,54.38,80.48,30.79,0
M001,2024-03-05T07:55:00,50.92,83.26,29.19,0
M047,2024-03-05T08:00:00,54.69,67.58,31.25,0
M053,2024-03-05T08:05:00,59.46,79.22,30.82,0
M027,2024-03-05T08:10:00,48.32,88.38,31.12,0
M054,2024-03-05T08:15:00,43.97,85.49,27.84,0
M002,2024-03-05T08:20:00,47.89,75.15,31.16,0
M006,2024-03-05T08:25:00,47.24,72.55,29.89,0
M025,2024-03-05T08:30:00,51.5,83.49,28.66,0
M051,2024-03-05T08:35:00,46.54,85.0,29.09,0
M001,2024-03-05T08:40:00,52.02,78.46,31.94,0
M020,2024-03-05T08:45:00,48.83,75.34,28.87,0
M005,2024-03-05T08:50:00,47.31,80.52,32.47,0
M044,2024-03-05T08:55:00,45.51,79.77,30.18,0
M046,2024-03-05T09:00:00,47.48,85.99,32.9,0
M000,2024-03-05T09:05:00,45.3,78.65,31.09,0
M045,2024-03-05T09:10:00,47.9,90.23,29.94,0
M021,2024-03-05T09:15:00,46.52,74.89,31.96,0
M016,2024-03-05T09:20:00,54.54,80.09,30.59,0
M037,2024-03-05T09:25:00,44.37,85.68,33.1,0
M042,2024-03-05T09:30:00,55.11,83.45,31.97,0
M044,2024-03-05T09:35:00,49.97,84.65,30.92,0
M032,2024-03-05T09:40:00,49.71,89.43,33.23,0
M001,2024-03-05T09:45:00,48.25,75.64,27.24,0
M007,2024-03-05T09:50:00,51.37,87.94,29.18,0
M024,2024-03-05T09:55:00,51.72,74.88,27.72,0
M054,2024-03-05T10:00:00,47.98,81.33,31.57,0
M008,2024-03-05T10:05:00,49.06,87.12,27.01,0
M031,2024-03-05T10:10:00,48.51,81.73,33.76,0
M059,2024-03-05T10:15:00,50.5,78.61,30.64,0
M045,2024-03-05T10:20:00,49.41,82.75,29.63,0
M003,2024-03-05T10:25:00,52.47,84.72,28.42,0
M035,2024-03-05T10:30:00,50.76,80.58,29.29,0
M043,2024-03-05T10:35:00,52.6,89.17,29.26,0
M050,2024-03-05T10:40:00,51.24,72.16,29.81,0
M017,2024-03-05T10:45:00,49.63,72.03,27.95,0
M056,2024-03-05T10:50:00,57.16,71.04,32.43,0
M038,2024-03-05T10:55:00,53.41,82.14,30.57,0
M028,2024-03-05T11:00:00,52.07,70.36,33.54,0
M029,2024-03-05T11:05:00,53.0,88.15,27.59,0
M039,2024-03-05T11:10:00,51.0,79.64,31.15,0
M030,2024-03-05T11:15:00,48.66,85.15,27.44,0
M023,2024-03-05T11:20:00,51.21,81.36,30.26,0
M053,2024-03-05T11:25:00,48.19,83.44,27.31,0
M055,2024-03-05T11:30:00,52.03,80.76,33.21,0
M053,2024-03-05T11:35:00,55.91,85.34,36.27,0
M047,2024-03-05T11:40:00,52.76,81.49,29.96,0
M023,2024-03-05T11:45:00,48.91,74.19,31.84,0
M041,2024-03-05T11:50:00,50.6,81.39,32.17,0
M034,2024-03-05T11:55:00,47.93,73.55,30.45,0
M048,2024-03-05T12:00:00,51.05,76.21,28.08,0
M021,2024-03-05T12:05:00,52.3,70.72,31.32,0
M051,2024-03-05T12:10:00,49.08,74.54,28.62,0
M008,2024-03-05T12:15:00,50.45,77.65,29.87,0
M021,2024-03-05T12:20:00,51.91,80.92,28.98,0
M009,2024-03-05T12:25:00,51.59,83.48,32.98,0
M024,2024-03-05T12:30:00,51.44,80.07,24.22,0
M049,2024-03-05T12:35:00,48.12,65.39,27.14,0
M001,2024-03-05T12:40:00,52.75,84.93,31.45,0
M017,2024-03-05T12:45:00,49.28,82.27,32.82,0
M018,2024-03-05T12:50:00,55.25,75.25,31.69,0
M005,2024-03-05T12:55:00,55.23,84.3,29.78,0
M008,2024-03-05T13:00:00,48.71,79.38,28.3,0
M006,2024-03-05T13:05:00,48.25,86.63,29.75,0
M049,2024-03-05T13:10:00,52.57,83.76,29.18,0
M017,2024-03-05T13:15:00,51.36,84.11,28.84,0
M052,2024-03-05T13:20:00,50.52,84.5,31.11,0
M019,2024-03-05T13:25:00,54.19,77.01,30.51,0
M014,2024-03-05T13:30:00,53.45,72.16,27.62,0
M023,2024-03-05T13:35:00,49.06,75.05,27.74,0
M057,2024-03-05T13:40:00,55.91,76.74,33.28,0
M010,2024-03-05T13:45:00,47.72,77.0,33.03,0
M010,2024-03-05T13:50:00,49.73,85.39,29.33,0
M011,2024-03-05T13:55:00,48.75,84.25,33.48,0
M014,2024-03-05T14:00:00,52.71,72.86,29.43,0
M050,2024-03-05T14:05:00,55.19,76.29,30.25,0
M046,2024-03-05T14:10:00,52.14,85.42,32.12,0
M058,2024-03-05T14:15:00,51.24,79.0,28.3,0
M043,2024-03-05T14:20:00,50.97,92.92,29.7,0
M024,2024-03-05T14:25:00,51.74,80.95,31.34,0
M057,2024-03-05T14:30:00,52.64,74.67,31.42,0
M032,2024-03-05T14:35:00,51.67,86.49,30.01,0
M031,2024-03-05T14:40:00,53.05,76.79,34.52,0
M002,2024-03-05T14:45:00,49.6,69.28,28.6,0
M019,2024-03-05T14:50:00,56.71,90.09,27.77,0
M037,2024-03-05T14:55:00,51.56,77.86,29.85,0
M051,2024-03-05T15:00:00,59.9,73.75,32.4,0
M001,2024-03-05T15:05:00,51.44,75.87,31.93,0
M008,2024-03-05T15:10:00,50.86,65.89,32.57,0
M053,2024-03-05T15:15:00,50.32,71.63,29.05,0
M013,2024-03-05T15:20:00,54.61,88.72,34.42,0
M049,2024-03-05T15:25:00,48.99,75.84,29.76,0
M041,2024-03-05T15:30:00,49.07,74.44,29.26,0
M058,2024-03-05T15:35:00,51.53,81.34,30.89,0
M039,2024-03-05T15:40:00,52.53,78.32,27.39,0
M034,2024-03-05T15:45:00,53.73,85.73,29.83,0
M031,2024-03-05T15:50:00,50.29,70.83,30.08,0
M043,2024-03-05T15:55:00,51.42,81.5,31.06,0
M000,2024-03-05T16:00:00,48.4,75.17,25.72,0
M009,2024-03-05T16:05:00,48.76,74.73,27.52,0
M016,2024-03-05T16:10:00,55.36,79.3,32.89,0
M041,2024-03-05T16:15:00,47.74,72.61,30.09,0
M020,2024-03-05T16:20:00,47.7,79.44,31.68,0
M043,2024-03-05T16:25:00,50.35,82.88,33.93,0
M032,2024-03-05T16:30:00,50.5,77.13,29.17,0
M022,2024-03-05T16:35:00,50.23,78.11,27.36,0
M016,2024-03-05T16:40:00,50.07,83.34,33.08,0
M018,2024-03-05T16:45:00,44.26,85.33,28.45,0
M007,2024-03-05T16:50:00,56.02,83.52,35.15,0
M011,2024-03-05T16:55:00,50.88,80.74,31.27,0
M024,2024-03-05T17:00:00,50.33,85.12,34.25,0
M043,2024-03-05T17:05:00,49.33,82.06,32.59,0
M016,2024-03-05T17:10:00,54.36,82.09,29.38,0
M006,2024-03-05T17:15:00,49.64,88.26,30.63,0
M023,2024-03-05T17:20:00,51.45,79.25,28.72,0
M045,2024-03-05T17:25:00,57.63,75.76,31.9,0
M050,2024-03-05T17:30:00,51.85,78.3,28.03,0
M019,2024-03-05T17:35:00,50.32,75.96,30.64,0
M038,2024-03-05T17:40:00,54.47,73.11,31.88,0
M054,2024-03-05T17:45:00,49.23,76.49,35.02,0
M031,2024-03-05T17:50:00,50.72,73.9,25.56,0
M018,2024-03-05T17:55:00,46.77,79.9,28.59,0
M049,2024-03-05T18:00:00,57.03,81.82,28.46,0
M008,2024-03-05T18:05:00,56.77,87.79,31.43,0
M054,2024-03-05T18:10:00,52.14,82.6,25.06,0
M020,2024-03-05T18:15:00,51.01,88.05,29.43,0
M004,2024-03-05T18:20:00,49.71,78.2,30.79,0
M031,2024-03-05T18:25:00,52.0,86.39,26.73,0
M001,2024-03-05T18:30:00,51.72,82.39,29.96,0
M055,2024-03-05T18:35:00,49.27,82.04,31.37,0
M010,2024-03-05T18:40:00,51.42,73.26,31.8,0
M054,2024-03-05T18:45:00,51.54,82.19,28.99,0
M036,2024-03-05T18:50:00,53.35,83.56,30.04,0
M047,2024-03-05T18:55:00,50.43,74.96,31.27,0
M011,2024-03-05T19:00:00,50.27,88.91,29.44,0
M020,2024-03-05T19:05:00,54.97,76.45,29.3,0
M008,2024-03-05T19:10:00,51.22,74.19,31.21,0
M016,2024-03-05T19:15:00,50.29,82.81,27.84,0
M053,2024-03-05T19:20:00,53.92,84.05,29.64,0
M037,2024-03-05T19:25:00,51.56,84.07,25.72,0
M020,2024-03-05T19:30:00,54.3,79.14,33.72,0
M000,2024-03-05T19:35:00,52.75,79.97,28.94,0
M049,2024-03-05T19:40:00,57.66,80.72,33.02,0
M007,2024-03-05T19:45:00,48.22,78.72,29.04,0
M008,2024-03-05T19:50:00,52.03,75.33,26.38,0
M044,2024-03-05T19:55:00,52.46,80.43,30.25,0
M036,2024-03-05T20:00:00,51.14,76.17,30.27,0
M004,2024-03-05T20:05:00,51.81,76.03,29.71,0
M043,2024-03-05T20:10:00,53.44,76.77,32.58,0
M052,2024-03-05T20:15:00,46.55,86.69,27.84,0
M014,2024-03-05T20:20:00,54.91,74.22,29.73,0
M046,2024-03-05T20:25:00,50.37,84.55,29.72,0
M051,2024-03-05T20:30:00,53.97,78.1,26.89,0
M011,2024-03-05T20:35:00,50.91,85.14,28.4,0
M013,2024-03-05T20:40:00,54.46,87.29,31.34,0
M030,2024-03-05T20:45:00,51.37,74.72,28.42,0
M004,2024-03-05T20:50:00,55.16,74.95,29.12,0
M019,2024-03-05T20:55:00,55.72,80.26,28.41,0
M036,2024-03-05T21:00:00,57.59,76.24,28.14,0
M056,2024-03-05T21:05:00,49.8,77.58,29.51,0
M039,2024-03-05T21:10:00,51.12,84.03,25.87,0
M045,2024-03-05T21:15:00,52.52,80.82,29.47,0
M016,2024-03-05T21:20:00,56.68,85.62,31.03,0
M021,2024-03-05T21:25:00,52.89,82.73,32.01,0
M025,2024-03-05T21:30:00,50.51,75.25,33.35,0
M049,2024-03-05T21:35:00,58.23,77.45,31.2,0
M011,2024-03-05T21:40:00,51.03,83.27,29.84,0
M012,2024-03-05T21:45:00,52.88,86.87,31.86,0
M009,2024-03-05T21:50:00,52.46,74.46,32.67,0
M023,2024-03-05T21:55:00,56.01,79.47,27.62,0
M017,2024-03-05T22:00:00,51.79,84.66,31.48,0
M010,2024-03-05T22:05:00,52.82,75.57,29.8,0
M048,2024-03-05T22:10:00,52.16,76.47,31.02,0
M036,2024-03-05T22:15:00,54.74,79.53,30.97,0
M006,2024-03-05T22:20:00,52.53,82.27,26.91,0
M055,2024-03-05T22:25:00,53.86,84.33,29.43,0
M009,2024-03-05T22:30:00,55.86,73.62,31.46,0
M019,2024-03-05T22:35:00,55.71,75.14,26.83,0
M031,2024-03-05T22:40:00,54.93,78.12,35.2,0
M020,2024-03-05T22:45:00,53.02,80.44,30.91,0
M017,2024-03-05T22:50:00,56.3,78.22,32.39,0
M043,2024-03-05T22:55:00,52.62,73.12,30.43,0
M054,2024-03-05T23:00:00,60.96,77.13,26.18,0
M056,2024-03-05T23:05:00,59.55,87.61,29.06,0
M015,2024-03-05T23:10:00,53.21,73.58,28.13,0
M028,2024-03-05T23:15:00,55.57,81.82,31.81,0
M040,2024-03-05T23:20:00,53.6,97.0,29.37,0
M009,2024-03-05T23:25:00,54.61,72.34,31.65,0
M054,2024-03-05T23:30:00,53.49,88.28,29.5,0
M046,2024-03-05T23:35:00,52.13,79.25,27.77,0
M039,2024-03-05T23:40:00,56.23,81.05,31.45,0
M054,2024-03-05T23:45:00,50.51,85.57,31.58,0
M012,2024-03-05T23:50:00,52.44,79.47,28.88,0
M022,2024-03-05T23:55:00,55.62,84.49,29.36,0
M057,2024-03-06T00:00:00,57.99,84.56,32.12,0
M004,2024-03-06T00:05:00,51.19,82.09,27.24,0
M017,2024-03-06T00:10:00,51.45,81.99,29.98,0
M044,2024-03-06T00:15:00,54.41,87.51,29.42,0
M034,2024-03-06T00:20:00,56.03,74.95,33.68,0
M021,2024-03-06T00:25:00,54.49,81.28,29.7,0
M033,2024-03-06T00:30:00,53.86,82.49,30.06,0
M011,2024-03-06T00:35:00,50.17,81.79,27.78,0
M058,2024-03-06T00:40:00,52.47,82.71,30.73,0
M002,2024-03-06T00:45:00,53.46,77.02,28.18,0
M048,2024-03-06T00:50:00,49.59,84.25,26.19,0
M041,2024-03-06T00:55:00,56.14,75.58,31.19,0
M046,2024-03-06T01:00:00,50.33,79.13,31.77,0
M022,2024-03-06T01:05:00,55.9,84.54,29.01,0
M049,2024-03-06T01:10:00,55.28,81.2,32.9,0
M030,2024-03-06T01:15:00,56.81,78.83,31.06,0
M037,2024-03-06T01:20:00,55.79,71.56,31.56,0
M011,2024-03-06T01:25:00,51.31,77.37,29.61,0
M012,2024-03-06T01:30:00,54.43,85.35,30.15,0
M010,2024-03-06T01:35:00,55.15,74.83,29.52,0
M009,2024-03-06T01:40:00,51.36,77.15,29.99,0
M001,2024-03-06T01:45:00,53.34,88.31,27.56,0
M044,2024-03-06T01:50:00,50.06,78.44,29.47,0
M028,2024-03-06T01:55:00,55.68,72.54,30.91,0
M034,2024-03-06T02:00:00,56.38,80.73,33.2,0
M045,2024-03-06T02:05:00,57.09,75.33,29.72,0
M042,2024-03-06T02:10:00,52.63,74.77,31.25,0
M009,2024-03-06T02:15:00,48.88,83.1,30.56,0
M026,2024-03-06T02:20:00,54.43,78.6,31.37,0
M025,2024-03-06T02:25:00,51.89,82.29,31.11,0
M004,2024-03-06T02:30:00,55.13,76.79,29.68,0
M017,2024-03-06T02:35:00,52.93,82.98,33.54,0
M032,2024-03-06T02:40:00,57.34,76.7,30.78,0
M041,2024-03-06T02:45:00,56.27,80.79,28.59,0
M054,2024-03-06T02:50:00,53.52,76.41,27.43,0
M016,2024-03-06T02:55:00,54.62,71.25,28.67,0
M019,2024-03-06T03:00:00,54.62,85.05,29.21,0
M009,2024-03-06T03:05:00,56.91,78.06,30.38,0
M019,2024-03-06T03:10:00,54.6,82.2,32.44,0
M022,2024-03-06T03:15:00,57.51,75.74,26.47,0
M055,2024-03-06T03:20:00,52.88,78.07,26.22,0
M027,2024-03-06T03:25:00,53.03,80.66,27.89,0
M016,2024-03-06T03:30:00,55.31,88.23,28.42,0
M007,2024-03-06T03:35:00,53.36,70.01,25.16,0
M003,2024-03-06T03:40:00,52.08,85.13,28.76,0
M003,2024-03-06T03:45:00,53.24,73.97,30.08,0
M042,2024-03-06T03:50:00,57.54,72.51,30.3,0
M051,2024-03-06T03:55:00,57.17,81.82,29.96,0
M004,2024-03-06T04:00:00,51.44,79.0,30.15,0
M033,2024-03-06T04:05:00,54.42,81.48,27.9,0
M015,2024-03-06T04:10:00,56.16,74.62,30.86,0
M018,2024-03-06T04:15:00,54.88,77.68,32.1,0
M026,2024-03-06T04:20:00,56.47,72.76,30.07,0
M049,2024-03-06T04:25:00,56.07,78.68,30.15,0
M006,2024-03-06T04:30:00,55.83,87.55,30.16,0
M058,2024-03-06T04:35:00,58.15,81.35,29.93,0
M016,2024-03-06T04:40:00,53.51,83.27,30.37,0
M034,2024-03-06T04:45:00,52.59,74.78,32.55,0
M013,2024-03-06T04:50:00,53.57,77.5,28.18,0
M043,2024-03-06T04:55:00,58.46,82.43,27.26,0
M053,2024-03-06T05:00:00,51.72,84.25,29.07,0
M014,2024-03-06T05:05:00,47.49,80.96,29.91,0
M019,2024-03-06T05:10:00,53.4,86.46,31.52,0
M029,2024-03-06T05:15:00,49.54,87.01,33.54,0
M047,2024-03-06T05:20:00,51.17,79.67,28.55,0
M058,2024-03-06T05:25:00,50.46,82.07,32.89,0
M032,2024-03-06T05:30:00,50.35,85.1,28.57,0
M039,2024-03-06T05:35:00,49.3,80.63,28.53,0
M002,2024-03-06T05:40:00,48.8,71.69,31.36,0
M036,2024-03-06T05:45:00,50.04,84.26,28.43,0
M053,2024-03-06T05:50:00,47.65,82.15,26.9,0
M029,2024-03-06T05:55:00,49.22,76.29,31.79,0
M049,2024-03-06T06:00:00,52.71,77.09,30.56,0
M023,2024-03-06T06:05:00,44.47,66.94,29.7,0
M025,2024-03-06T06:10:00,51.08,85.27,33.68,0
M019,2024-03-06T06:15:00,49.6,86.92,32.17,0
M025,2024-03-06T06:20:00,49.94,79.96,26.07,0
M010,2024-03-06T06:25:00,44.53,84.89,25.79,0
M012,2024-03-06T06:30:00,45.55,77.18,28.27,0
M054,2024-03-06T06:35:00,55.28,84.43,31.06,0
M028,2024-03-06T06:40:00,47.38,69.17,26.96,0
M034,2024-03-06T06:45:00,50.02,79.75,33.17,0
M026,2024-03-06T06:50:00,52.11,79.29,32.12,0
M039,2024-03-06T06:55:00,49.11,76.74,26.92,0
M008,2024-03-06T07:00:00,46.91,76.25,27.55,0
M044,2024-03-06T07:05:00,45.63,85.23,30.34,0
M049,2024-03-06T07:10:00,47.68,81.7,29.63,0
M016,2024-03-06T07:15:00,50.17,82.56,32.57,0
M056,2024-03-06T07:20:00,48.8,70.33,26.35,0
M023,2024-03-06T07:25:00,47.89,82.06,29.26,0
M010,2024-03-06T07:30:00,59.08,80.35,32.09,0
M037,2024-03-06T07:35:00,52.55,84.3,30.68,0
M031,2024-03-06T07:40:00,51.5,80.44,32.19,0
M012,2024-03-06T07:45:00,53.25,84.58,28.18,0
M026,2024-03-06T07:50:00,56.92,85.59,25.72,0
M012,2024-03-06T07:55:00,47.26,71.68,29.56,0
M051,2024-03-06T08:00:00,49.64,81.13,31.85,0
M050,2024-03-06T08:05:00,53.12,82.78,31.68,0
M007,2024-03-06T08:10:00,51.69,82.66,31.42,0
M031,2024-03-06T08:15:00,53.11,76.55,31.88,0
M001,2024-03-06T08:20:00,54.22,85.43,28.82,0
M009,2024-03-06T08:25:00,49.01,78.83,29.98,0
M056,2024-03-06T08:30:00,45.25,86.31,30.51,0
M020,2024-03-06T08:35:00,45.98,80.97,32.54,0
M001,2024-03-06T08:40:00,49.91,69.75,28.42,0
M057,2024-03-06T08:45:00,48.52,77.98,28.63,0
M002,2024-03-06T08:50:00,51.47,89.65,30.77,0
M011,2024-03-06T08:55:00,55.32,73.61,27.45,0
M002,2024-03-06T09:00:00,55.03,78.85,30.93,0
M024,2024-03-06T09:05:00,47.31,87.68,30.33,0
M050,2024-03-06T09:10:00,57.18,78.32,28.75,0
M022,2024-03-06T09:15:00,49.66,72.23,28.75,0
M005,2024-03-06T09:20:00,56.05,68.9,25.57,0
M043,2024-03-06T09:25:00,51.84,86.29,26.94,0
M059,2024-03-06T09:30:00,53.6,75.31,30.76,0
M047,2024-03-06T09:35:00,49.17,79.58,31.53,0
M026,2024-03-06T09:40:00,51.36,76.97,29.51,0
M048,2024-03-06T09:45:00,47.17,79.99,30.9,0
M049,2024-03-06T09:50:00,56.84,80.86,32.33,0
M028,2024-03-06T09:55:00,50.81,79.57,33.34,0
M056,2024-03-06T10:00:00,45.18,78.59,29.88,0
M043,2024-03-06T10:05:00,51.03,84.49,27.69,0
M043,2024-03-06T10:10:00,47.23,78.51,30.7,0
M046,2024-03-06T10:15:00,50.95,78.77,33.66,0
M052,2024-03-06T10:20:00,53.22,74.7,28.19,0
M021,2024-03-06T10:25:00,50.55,78.01,28.7,0
M047,2024-03-06T10:30:00,51.95,85.62,32.74,0
M046,2024-03-06T10:35:00,55.34,78.57,29.13,0
M037,2024-03-06T10:40:00,54.0,78.15,26.83,0
M031,2024-03-06T10:45:00,51.52,73.9,32.94,0
M023,2024-03-06T10:50:00,54.13,74.9,28.02,0
M018,2024-03-06T10:55:00,54.95,76.56,25.83,0
M004,2024-03-06T11:00:00,52.59,84.94,28.29,0
M037,2024-03-06T11:05:00,54.0,77.71,34.36,0
M002,2024-03-06T11:10:00,48.45,84.08,26.89,0
M000,2024-03-06T11:15:00,51.96,80.53,28.24,0
M004,2024-03-06T11:20:00,49.55,81.97,27.59,0
M051,2024-03-06T11:25:00,50.17,73.19,31.17,0
M024,2024-03-06T11:30:00,46.32,83.49,26.61,0
M002,2024-03-06T11:35:00,45.03,89.14,26.61,0
M013,2024-03-06T11:40:00,51.13,85.49,26.49,0
M000,2024-03-06T11:45:00,50.8,86.48,32.72,0
M045,2024-03-06T11:50:00,52.7,68.83,29.18,0
M036,2024-03-06T11:55:00,52.82,81.01,30.95,0
M021,2024-03-06T12:00:00,46.73,71.36,25.99,0
M043,2024-03-06T12:05:00,53.82,76.86,31.26,0
M013,2024-03-06T12:10:00,52.34,75.52,30.04,0
M054,2024-03-06T12:15:00,47.96,91.75,32.36,0
M030,2024-03-06T12:20:00,46.32,78.41,28.73,0
M056,2024-03-06T12:25:00,49.43,79.15,28.71,0
M058,2024-03-06T12:30:00,50.11,76.2,29.79,0
M035,2024-03-06T12:35:00,49.74,87.08,33.35,0
M003,2024-03-06T12:40:00,54.15,76.56,26.33,0
M019,2024-03-06T12:45:00,57.21,81.44,31.62,0
M055,2024-03-06T12:50:00,49.62,84.44,32.21,0
M050,2024-03-06T12:55:00,46.76,81.38,31.56,0
M029,2024-03-06T13:00:00,48.66,84.1,34.4,0
M040,2024-03-06T13:05:00,53.16,82.85,26.85,0
M030,2024-03-06T13:10:00,51.68,81.63,28.38,0
M056,2024-03-06T13:15:00,48.56,73.68,28.25,0
M019,2024-03-06T13:20:00,55.18,84.93,34.35,0
M023,2024-03-06T13:25:00,48.5,84.89,27.77,0
M008,2024-03-06T13:30:00,52.52,91.11,28.63,0
M040,2024-03-06T13:35:00,55.4,71.24,34.3,0
M011,2024-03-06T13:40:00,49.38,73.88,34.7,0
M010,2024-03-06T13:45:00,53.58,86.72,25.92,0
M006,2024-03-06T13:50:00,49.66,83.43,28.94,0
M058,2024-03-06T13:55:00,55.94,73.83,29.34,0
M019,2024-03-06T14:00:00,54.44,86.98,29.42,0
M052,2024-03-06T14:05:00,58.12,81.82,31.21,0
M031,2024-03-06T14:10:00,50.87,90.03,27.49,0
M051,2024-03-06T14:15:00,48.89,82.49,30.48,0
M015,2024-03-06T14:20:00,51.74,88.06,30.63,0
M057,2024-03-06T14:25:00,47.68,80.18,28.04,0
M006,2024-03-06T14:30:00,46.73,68.97,28.46,0
M023,2024-03-06T14:35:00,60.68,80.92,33.91,0
M031,2024-03-06T14:40:00,56.3,79.26,31.02,0
M036,2024-03-06T14:45:00,50.53,81.08,31.1,0
M001,2024-03-06T14:50:00,50.75,75.1,30.2,0
M029,2024-03-06T14:55:00,47.84,83.46,28.31,0
M027,2024-03-06T15:00:00,49.8,85.6,32.59,0
M022,2024-03-06T15:05:00,54.66,77.71,27.48,0
M013,2024-03-06T15:10:00,50.55,75.65,28.88,0
M037,2024-03-06T15:15:00,51.59,79.97,30.18,0
M018,2024-03-06T15:20:00,50.74,84.12,30.17,0
M037,2024-03-06T15:25:00,55.89,82.64,32.62,0
M032,2024-03-06T15:30:00,53.64,72.2,26.67,0
M011,2024-03-06T15:35:00,54.11,71.83,28.13,0
M040,2024-03-06T15:40:00,51.18,80.25,31.1,0
M037,2024-03-06T15:45:00,46.46,71.84,27.68,0
M000,2024-03-06T15:50:00,49.05,73.24,30.57,0
M021,2024-03-06T15:55:00,48.01,86.82,25.69,0
M037,2024-03-06T16:00:00,48.33,85.12,31.09,0
M026,2024-03-06T16:05:00,47.39,88.29,29.18,0
M059,2024-03-06T16:10:00,52.21,93.07,30.33,0
M010,2024-03-06T16:15:00,52.86,82.19,32.19,0
M026,2024-03-06T16:20:00,51.86,82.37,28.98,0
M017,2024-03-06T16:25:00,55.2,79.64,28.1,0
M047,2024-03-06T16:30:00,51.53,78.03,32.48,0
M058,2024-03-06T16:35:00,58.42,77.55,26.55,0
M040,2024-03-06T16:40:00,51.13,70.4,30.63,0
M054,2024-03-06T16:45:00,54.4,84.08,31.63,0
M005,2024-03-06T16:50:00,61.91,80.1,28.23,0
M034,2024-03-06T16:55:00,48.72,73.56,30.72,0
M028,2024-03-06T17:00:00,57.34,76.71,30.46,0
M002,2024-03-06T17:05:00,50.08,79.16,31.44,0
M057,2024-03-06T17:10:00,53.33,77.05,31.91,0
M010,2024-03-06T17:15:00,52.55,81.3,30.38,0
M018,2024-03-06T17:20:00,52.53,76.74,32.45,0
M044,2024-03-06T17:25:00,52.42,79.15,27.82,0
M043,2024-03-06T17:30:00,52.18,82.65,29.68,0
M034,2024-03-06T17:35:00,50.5,77.14,32.2,0
M027,2024-03-06T17:40:00,53.28,82.72,31.61,0
M016,2024-03-06T17:45:00,55.93,74.74,33.15,0
M024,2024-03-06T17:50:00,49.98,83.16,29.93,0
M051,2024-03-06T17:55:00,51.07,74.61,30.42,0
M031,2024-03-06T18:00:00,50.49,99.35,28.02,0
M000,2024-03-06T18:05:00,52.78,74.74,27.32,0
M038,2024-03-06T18:10:00,56.55,80.15,30.11,0
M028,2024-03-06T18:15:00,58.28,84.7,29.59,0
M024,2024-03-06T18:20:00,51.46,84.02,28.17,0
M012,2024-03-06T18:25:00,52.57,83.8,28.34,0
M000,2024-03-06T18:30:00,51.52,78.01,28.56,0
M032,2024-03-06T18:35:00,53.8,67.24,32.17,0
M032,2024-03-06T18:40:00,50.78,76.78,29.9,0
M024,2024-03-06T18:45:00,52.68,84.91,27.21,0
M006,2024-03-06T18:50:00,56.12,71.4,30.54,0
M034,2024-03-06T18:55:00,52.94,79.53,29.22,0
M022,2024-03-06T19:00:00,58.44,85.28,28.43,0
M048,2024-03-06T19:05:00,50.0,73.82,29.93,0
M013,2024-03-06T19:10:00,57.82,75.81,29.36,0
M004,2024-03-06T19:15:00,50.72,78.26,32.56,0
M028,2024-03-06T19:20:00,57.94,72.62,30.8,0
M025,2024-03-06T19:25:00,54.94,81.26,31.48,0
M000,2024-03-06T19:30:00,52.68,83.38,29.4,0
M022,2024-03-06T19:35:00,54.36,85.2,30.78,0
M044,2024-03-06T19:40:00,54.53,76.96,31.19,0
M021,2024-03-06T19:45:00,56.22,72.23,30.47,0
M043,2024-03-06T19:50:00,51.87,79.52,32.62,0
M015,2024-03-06T19:55:00,48.76,77.94,30.05,0
M054,2024-03-06T20:00:00,57.82,78.69,29.9,0
M031,2024-03-06T20:05:00,56.56,82.54,30.42,0
M019,2024-03-06T20:10:00,53.52,86.82,27.2,0
M024,2024-03-06T20:15:00,56.05,79.3,31.13,0
M052,2024-03-06T20:20:00,54.51,79.37,32.33,0
M055,2024-03-06T20:25:00,52.83,77.93,28.72,0
M009,2024-03-06T20:30:00,52.48,82.85,30.23,0
M019,2024-03-06T20:35:00,57.17,77.57,27.97,0
M044,2024-03-06T20:40:00,55.94,78.73,28.54,0
M010,2024-03-06T20:45:00,53.39,73.04,33.72,0
M045,2024-03-06T20:50:00,52.48,79.37,26.85,0
M010,2024-03-06T20:55:00,50.87,87.07,31.17,0
M043,2024-03-06T21:00:00,52.9,81.98,28.77,0
M043,2024-03-06T21:05:00,59.07,74.21,32.79,0
M043,2024-03-06T21:10:00,52.9,73.35,27.27,0
M027,2024-03-06T21:15:00,51.13,88.42,31.33,0
M034,2024-03-06T21:20:00,54.12,87.42,27.07,0
M042,2024-03-06T21:25:00,51.96,81.36,29.89,0
M059,2024-03-06T21:30:00,58.19,87.6,25.9,0
M051,2024-03-06T21:35:00,49.97,83.03,31.46,0
M005,2024-03-06T21:40:00,55.9,79.15,28.18,0
M038,2024-03-06T21:45:00,51.88,81.02,28.17,0
M058,2024-03-06T21:50:00,54.63,74.69,32.58,0
M037,2024-03-06T21:55:00,51.73,87.55,31.58,0
M051,2024-03-06T22:00:00,54.77,82.98,28.81,0
M024,2024-03-06T22:05:00,53.63,75.27,27.99,0
M047,2024-03-06T22:10:00,57.11,78.33,28.07,0
M014,2024-03-06T22:15:00,53.73,85.19,30.39,0
M028,2024-03-06T22:20:00,53.59,80.15,29.74,0
M027,2024-03-06T22:25:00,53.27,77.35,30.77,0
M004,2024-03-06T22:30:00,53.74,80.16,31.21,0
M042,2024-03-06T22:35:00,49.28,82.46,30.77,0
M059,2024-03-06T22:40:00,58.0,77.26,31.38,0
M029,2024-03-06T22:45:00,54.5,70.37,30.62,0
M008,2024-03-06T22:50:00,53.24,77.38,29.97,0
M016,2024-03-06T22:55:00,54.59,81.36,29.82,0
M010,2024-03-06T23:00:00,55.84,89.9,34.34,0
M037,2024-03-06T23:05:00,57.92,88.18,29.7,0
M026,2024-03-06T23:10:00,55.61,72.18,31.33,0
M009,2024-03-06T23:15:00,53.86,81.62,28.79,0
M032,2024-03-06T23:20:00,52.35,78.93,33.64,0
M047,2024-03-06T23:25:00,53.2,81.71,27.54,0
M041,2024-03-06T23:30:00,52.96,81.8,30.66,0
M058,2024-03-06T23:35:00,53.03,82.33,29.75,0
M018,2024-03-06T23:40:00,46.28,72.88,30.87,0
M021,2024-03-06T23:45:00,51.81,67.61,32.21,0
M034,2024-03-06T23:50:00,54.36,75.58,30.3,0
M015,2024-03-06T23:55:00,56.07,77.61,31.72,0
M008,2024-03-07T00:00:00,54.07,83.25,29.41,0
M047,2024-03-07T00:05:00,55.27,83.85,28.18,0
M017,2024-03-07T00:10:00,57.2,79.21,28.51,0
M001,2024-03-07T00:15:00,56.61,79.63,30.25,0
M031,2024-03-07T00:20:00,56.47,87.06,26.56,0
M008,2024-03-07T00:25:00,57.53,79.38,31.02,0
M019,2024-03-07T00:30:00,53.52,83.24,27.19,0
M058,2024-03-07T00:35:00,55.34,73.67,28.77,0
M003,2024-03-07T00:40:00,52.2,85.31,30.85,0
M030,2024-03-07T00:45:00,51.77,82.74,33.32,0
M052,2024-03-07T00:50:00,57.18,81.07,30.43,0
M017,2024-03-07T00:55:00,54.59,90.46,28.82,0
M048,2024-03-07T01:00:00,55.27,77.89,28.26,0
M010,2024-03-07T01:05:00,53.66,77.25,30.76,0
M007,2024-03-07T01:10:00,56.34,80.57,27.12,0
M044,2024-03-07T01:15:00,50.62,80.31,27.88,0
M005,2024-03-07T01:20:00,55.2,73.32,34.61,0
M040,2024-03-07T01:25:00,54.1,81.9,24.55,0
M029,2024-03-07T01:30:00,57.07,86.5,33.27,0
M002,2024-03-07T01:35:00,53.26,80.22,29.75,0
M008,2024-03-07T01:40:00,53.38,86.36,29.51,0
M057,2024-03-07T01:45:00,53.74,84.39,35.4,0
M011,2024-03-07T01:50:00,47.29,80.28,30.58,0
M012,2024-03-07T01:55:00,53.67,84.95,32.0,0
M043,2024-03-07T02:00:00,51.62,82.83,30.75,0
M014,2024-03-07T02:05:00,52.99,87.92,28.5,0
M050,2024-03-07T02:10:00,52.95,83.03,32.37,0
M010,2024-03-07T02:15:00,48.86,83.16,31.32,0
M030,2024-03-07T02:20:00,51.63,85.81,30.68,0
M043,2024-03-07T02:25:00,48.13,70.2,28.36,0
M011,2024-03-07T02:30:00,49.0,87.94,30.33,0
M058,2024-03-07T02:35:00,48.54,79.45,29.62,0
M024,2024-03-07T02:40:00,44.54,71.49,27.73,0
M001,2024-03-07T02:45:00,50.09,83.21,30.92,0
M025,2024-03-07T02:50:00,45.14,91.81,27.78,0
M026,2024-03-07T02:55:00,47.11,80.92,27.21,0
M005,2024-03-07T03:00:00,47.04,72.22,28.0,0
M016,2024-03-07T03:05:00,53.89,77.51,27.98,0
M017,2024-03-07T03:10:00,48.7,77.46,28.55,0
M020,2024-03-07T03:15:00,47.86,73.15,27.67,0
M054,2024-03-07T03:20:00,48.29,77.7,31.08,0
M048,2024-03-07T03:25:00,51.81,78.59,27.19,0
M055,2024-03-07T03:30:00,51.72,85.27,27.47,0
M001,2024-03-07T03:35:00,49.96,82.54,32.04,0
M042,2024-03-07T03:40:00,52.42,84.42,32.45,0
M038,2024-03-07T03:45:00,50.13,75.35,29.15,0
M053,2024-03-07T03:50:00,45.05,87.34,30.13,0
M058,2024-03-07T03:55:00,54.95,84.46,34.04,0
M057,2024-03-07T04:00:00,48.89,81.55,31.09,0
M019,2024-03-07T04:05:00,53.96,78.77,28.71,0
M036,2024-03-07T04:10:00,58.32,79.15,29.99,0
M040,2024-03-07T04:15:00,52.68,80.97,28.84,0
M005,2024-03-07T04:20:00,52.02,78.02,32.25,0
M010,2024-03-07T04:25:00,49.29,74.77,31.88,0
M056,2024-03-07T04:30:00,53.79,82.91,29.72,0
M038,2024-03-07T04:35:00,49.03,76.85,31.88,0
M038,2024-03-07T04:40:00,52.41,83.38,27.49,0
M040,2024-03-07T04:45:00,47.53,75.09,30.25,0
M047,2024-03-07T04:50:00,51.26,72.0,32.16,0
M022,2024-03-07T04:55:00,52.4,81.67,32.0,0
M008,2024-03-07T05:00:00,55.11,81.33,31.34,0
M003,2024-03-07T05:05:00,53.5,78.61,30.71,0
M049,2024-03-07T05:10:00,52.29,86.81,27.81,0
M047,2024-03-07T05:15:00,46.59,74.4,29.84,0
M032,2024-03-07T05:20:00,47.71,78.92,28.3,0
M035,2024-03-07T05:25:00,47.97,75.72,30.79,0
M012,2024-03-07T05:30:00,54.39,76.73,31.39,0
M006,2024-03-07T05:35:00,50.35,80.63,32.2,0
M007,2024-03-07T05:40:00,51.3,73.92,30.12,0
M020,2024-03-07T05:45:00,49.61,75.14,29.21,0
M017,2024-03-07T05:50:00,54.2,77.12,32.58,0
M058,2024-03-07T05:55:00,53.99,73.45,32.34,0
M053,2024-03-07T06:00:00,50.18,86.4,33.48,0
M046,2024-03-07T06:05:00,55.09,79.14,27.78,0
M005,2024-03-07T06:10:00,52.89,81.68,29.21,0
M030,2024-03-07T06:15:00,53.09,71.46,29.44,0
M039,2024-03-07T06:20:00,55.72,78.85,26.45,0
M057,2024-03-07T06:25:00,48.64,79.88,31.76,0
M041,2024-03-07T06:30:00,49.09,78.04,29.84,0
M046,2024-03-07T06:35:00,52.97,73.23,30.96,0
M046,2024-03-07T06:40:00,53.45,78.25,31.13,0
M031,2024-03-07T06:45:00,56.7,73.57,32.29,0
M042,2024-03-07T06:50:00,53.06,81.77,31.71,0
M051,2024-03-07T06:55:00,54.07,77.95,29.09,0
M020,2024-03-07T07:00:00,52.51,73.46,29.61,0
M059,2024-03-07T07:05:00,54.59,85.77,28.88,0
M038,2024-03-07T07:10:00,51.47,86.54,33.62,0
M028,2024-03-07T07:15:00,51.31,76.75,28.44,0
M030,2024-03-07T07:20:00,47.12,83.14,32.73,0
M008,2024-03-07T07:25:00,48.51,87.07,29.66,0
M023,2024-03-07T07:30:00,54.89,78.63,30.86,0
M053,2024-03-07T07:35:00,49.81,73.87,30.4,0
M055,2024-03-07T07:40:00,53.12,83.16,32.25,0
M036,2024-03-07T07:45:00,49.04,72.72,29.27,0
M038,2024-03-07T07:50:00,48.38,74.2,29.91,0
M017,2024-03-07T07:55:00,59.32,83.56,31.25,0
M045,2024-03-07T08:00:00,46.38,83.11,28.85,0
M049,2024-03-07T08:05:00,56.02,80.26,27.97,0
M004,2024-03-07T08:10:00,50.01,81.67,27.93,0
M044,2024-03-07T08:15:00,57.07,82.45,29.45,0
M040,2024-03-07T08:20:00,49.31,85.24,31.41,0
M048,2024-03-07T08:25:00,54.36,78.89,32.08,0
M019,2024-03-07T08:30:00,51.25,72.34,31.28,0
M058,2024-03-07T08:35:00,53.0,74.28,31.8,0
M007,2024-03-07T08:40:00,50.77,79.09,30.57,0
M043,2024-03-07T08:45:00,50.09,80.62,31.66,0
M026,2024-03-07T08:50:00,50.77,79.71,31.08,0
M002,2024-03-07T08:55:00,48.17,84.16,28.78,0
M017,2024-03-07T09:00:00,52.8,84.56,31.96,0
M028,2024-03-07T09:05:00,50.72,83.18,29.5,0
M050,2024-03-07T09:10:00,53.16,82.55,29.29,0
M048,2024-03-07T09:15:00,53.5,79.04,31.73,0
M002,2024-03-07T09:20:00,54.17,88.38,31.26,0
M042,2024-03-07T09:25:00,49.67,79.77,30.78,0
M021,2024-03-07T09:30:00,52.15,77.8,28.33,0
M016,2024-03-07T09:35:00,54.6,82.44,29.53,0
M015,2024-03-07T09:40:00,51.06,94.98,30.64,0
M044,2024-03-07T09:45:00,47.78,81.02,30.74,0
M008,2024-03-07T09:50:00,53.76,73.48,28.37,0
M041,2024-03-07T09:55:00,53.7,88.95,33.79,0
M020,2024-03-07T10:00:00,53.69,73.09,28.69,0
M047,2024-03-07T10:05:00,54.86,75.93,26.35,0
M054,2024-03-07T10:10:00,48.17,81.81,26.23,0
M017,2024-03-07T10:15:00,50.07,77.28,30.26,0
M025,2024-03-07T10:20:00,50.83,74.36,29.69,0
M004,2024-03-07T10:25:00,54.8,83.52,30.0,0
M011,2024-03-07T10:30:00,55.01,83.59,26.26,0
M006,2024-03-07T10:35:00,51.49,76.08,28.66,0
M050,2024-03-07T10:40:00,52.86,87.69,31.69,0
M002,2024-03-07T10:45:00,52.01,75.0,29.11,0
M015,2024-03-07T10:50:00,52.7,74.72,31.39,0
M023,2024-03-07T10:55:00,51.37,83.89,30.53,0
M057,2024-03-07T11:00:00,50.07,82.8,28.95,0
M051,2024-03-07T11:05:00,49.56,88.06,31.47,0
M040,2024-03-07T11:10:00,54.34,80.15,28.59,0
M004,2024-03-07T11:15:00,52.64,87.9,29.06,0
M011,2024-03-07T11:20:00,58.19,83.32,30.55,0
M016,2024-03-07T11:25:00,50.54,82.29,32.64,0
M038,2024-03-07T11:30:00,50.6,72.48,31.34,0
M011,2024-03-07T11:35:00,56.67,87.85,30.26,0
M005,2024-03-07T11:40:00,53.61,82.52,29.91,0
M058,2024-03-07T11:45:00,53.83,84.64,27.77,0
M011,2024-03-07T11:50:00,55.78,75.3,31.6,0
M036,2024-03-07T11:55:00,56.74,86.86,27.73,0
M030,2024-03-07T12:00:00,53.31,80.28,31.92,0
M014,2024-03-07T12:05:00,52.71,89.87,27.42,0
M037,2024-03-07T12:10:00,52.12,77.37,30.0,0
M041,2024-03-07T12:15:00,51.55,85.17,31.96,0
M009,2024-03-07T12:20:00,55.86,75.95,31.77,0
M006,2024-03-07T12:25:00,51.84,84.27,30.02,0
M027,2024-03-07T12:30:00,52.01,80.18,32.07,0
M005,2024-03-07T12:35:00,49.9,85.19,35.88,0
M033,2024-03-07T12:40:00,53.39,82.45,29.67,0
M017,2024-03-07T12:45:00,54.32,81.54,29.65,0
M009,2024-03-07T12:50:00,56.73,76.11,30.79,0
M015,2024-03-07T12:55:00,49.65,78.8,30.17,0
M003,2024-03-07T13:00:00,52.59,76.76,30.43,0
M047,2024-03-07T13:05:00,51.84,84.8,30.59,0
M048,2024-03-07T13:10:00,56.27,73.39,28.33,0
M047,2024-03-07T13:15:00,56.22,77.22,29.73,0
M009,2024-03-07T13:20:00,50.69,74.15,30.09,0
M025,2024-03-07T13:25:00,52.86,78.41,34.13,0
M045,2024-03-07T13:30:00,55.47,74.55,24.54,0
M056,2024-03-07T13:35:00,54.85,75.05,28.49,0
M027,2024-03-07T13:40:00,50.97,76.4,29.42,0
M057,2024-03-07T13:45:00,55.78,68.13,27.91,0
M011,2024-03-07T13:50:00,58.56,86.05,25.42,0
M036,2024-03-07T13:55:00,51.02,78.33,29.07,0
M022,2024-03-07T14:00:00,50.19,85.12,29.03,0
M004,2024-03-07T14:05:00,49.43,70.92,31.28,0
M001,2024-03-07T14:10:00,52.96,85.41,29.48,0
M029,2024-03-07T14:15:00,52.36,74.56,28.46,0
M040,2024-03-07T14:20:00,56.6,77.26,28.32,0
M029,2024-03-07T14:25:00,53.14,80.38,30.09,0
M018,2024-03-07T14:30:00,52.67,81.21,32.05,0
M018,2024-03-07T14:35:00,59.02,77.46,31.18,0
M000,2024-03-07T14:40:00,56.79,85.81,33.81,0
M015,2024-03-07T14:45:00,47.35,80.21,30.15,0
M024,2024-03-07T14:50:00,54.14,84.96,29.81,0
M044,2024-03-07T14:55:00,51.08,77.26,29.36,0
M018,2024-03-07T15:00:00,50.95,76.2,30.08,0
M056,2024-03-07T15:05:00,55.68,81.25,28.07,0
M030,2024-03-07T15:10:00,49.86,77.21,31.71,0
M009,2024-03-07T15:15:00,47.31,85.41,29.07,0
M018,2024-03-07T15:20:00,52.14,72.32,32.18,0
M000,2024-03-07T15:25:00,55.78,78.16,30.62,0
M023,2024-03-07T15:30:00,50.44,88.73,31.3,0
M011,2024-03-07T15:35:00,50.42,80.86,27.91,0
M055,2024-03-07T15:40:00,51.94,79.48,30.25,0
M020,2024-03-07T15:45:00,52.54,88.41,32.66,0
M035,2024-03-07T15:50:00,56.61,79.73,30.06,0
M014,2024-03-07T15:55:00,52.95,80.8,27.34,0
M045,2024-03-07T16:00:00,50.76,81.08,33.88,0
M051,2024-03-07T16:05:00,54.66,80.79,29.27,0
M017,2024-03-07T16:10:00,53.88,77.94,28.85,0
M026,2024-03-07T16:15:00,49.43,77.76,28.94,0
M013,2024-03-07T16:20:00,50.99,75.34,31.49,0
M032,2024-03-07T16:25:00,52.16,71.82,27.85,0
M032,2024-03-07T16:30:00,50.54,84.22,33.34,0
M018,2024-03-07T16:35:00,54.6,78.17,32.48,0
M054,2024-03-07T16:40:00,57.8,81.51,30.89,0
M048,2024-03-07T16:45:00,55.61,74.21,29.1,0
M012,2024-03-07T16:50:00,56.9,89.97,27.64,0
M008,2024-03-07T16:55:00,52.73,80.35,31.8,0
M054,2024-03-07T17:00:00,51.64,79.46,28.29,0
M026,2024-03-07T17:05:00,55.24,84.46,31.26,0
M013,2024-03-07T17:10:00,55.3,78.19,31.37,0
M024,2024-03-07T17:15:00,51.3,75.9,30.81,0
M022,2024-03-07T17:20:00,56.3,72.5,28.08,0
M024,2024-03-07T17:25:00,52.39,85.36,29.29,0
M023,2024-03-07T17:30:00,50.83,73.18,33.48,0
M051,2024-03-07T17:35:00,51.21,86.51,30.67,0
M000,2024-03-07T17:40:00,56.32,80.37,28.79,0
M003,2024-03-07T17:45:00,52.23,86.77,27.44,0
M034,2024-03-07T17:50:00,54.5,77.21,29.52,0
M049,2024-03-07T17:55:00,50.63,83.2,28.93,0
M012,2024-03-07T18:00:00,51.96,76.68,31.7,0
M017,2024-03-07T18:05:00,50.93,73.71,29.13,0
M017,2024-03-07T18:10:00,55.66,77.92,30.56,0
M051,2024-03-07T18:15:00,53.19,87.98,29.01,0
M045,2024-03-07T18:20:00,51.75,77.93,25.16,0
M046,2024-03-07T18:25:00,53.35,83.6,32.21,0
M025,2024-03-07T18:30:00,54.74,82.06,26.53,0
M042,2024-03-07T18:35:00,50.65,85.49,28.71,0
M000,2024-03-07T18:40:00,56.22,84.09,29.43,0
M041,2024-03-07T18:45:00,50.61,81.39,31.69,0
M008,2024-03-07T18:50:00,53.28,81.4,30.62,0
M001,2024-03-07T18:55:00,54.63,80.11,28.67,0
M048,2024-03-07T19:00:00,53.89,86.33,28.37,0
M053,2024-03-07T19:05:00,47.73,73.89,30.36,0
M048,2024-03-07T19:10:00,58.76,71.29,31.85,0
M020,2024-03-07T19:15:00,59.24,85.81,29.27,0
M044,2024-03-07T19:20:00,56.66,70.21,30.65,0
M013,2024-03-07T19:25:00,57.67,91.57,28.94,0
M026,2024-03-07T19:30:00,52.6,85.29,28.71,0
M044,2024-03-07T19:35:00,49.49,84.81,30.56,0
M017,2024-03-07T19:40:00,51.94,89.69,29.47,0
M029,2024-03-07T19:45:00,56.0,72.14,31.97,0
M004,2024-03-07T19:50:00,52.2,65.86,31.53,0
M013,2024-03-07T19:55:00,50.13,74.77,28.22,0
M008,2024-03-07T20:00:00,57.9,82.06,29.55,0
M019,2024-03-07T20:05:00,62.77,90.95,30.04,0
M023,2024-03-07T20:10:00,53.45,81.56,32.46,0
M000,2024-03-07T20:15:00,59.17,79.85,27.47,0
M036,2024-03-07T20:20:00,55.13,87.16,27.63,0
M053,2024-03-07T20:25:00,52.22,82.4,33.42,0
M054,2024-03-07T20:30:00,51.56,87.1,28.38,0
M025,2024-03-07T20:35:00,55.22,83.58,29.84,0
M007,2024-03-07T20:40:00,59.84,77.44,30.19,0
M002,2024-03-07T20:45:00,55.31,74.17,29.0,0
M055,2024-03-07T20:50:00,53.44,78.24,32.1,0
M046,2024-03-07T20:55:00,53.76,83.41,26.66,0
M001,2024-03-07T21:00:00,55.05,80.33,28.0,0
M016,2024-03-07T21:05:00,51.94,73.99,31.22,0
M045,2024-03-07T21:10:00,60.73,73.42,29.96,0
M036,2024-03-07T21:15:00,53.06,81.29,29.76,0
M000,2024-03-07T21:20:00,54.93,77.94,31.61,0
M032,2024-03-07T21:25:00,51.57,80.51,26.66,0
M007,2024-03-07T21:30:00,53.19,79.81,29.97,0
M051,2024-03-07T21:35:00,58.59,80.87,29.29,0
M011,2024-03-07T21:40:00,49.53,74.79,31.66,0
M000,2024-03-07T21:45:00,51.45,78.2,29.35,0
M043,2024-03-07T21:50:00,55.69,78.02,31.34,0
M023,2024-03-07T21:55:00,56.75,81.12,30.28,0
M037,2024-03-07T22:00:00,52.69,85.49,28.72,0
M020,2024-03-07T22:05:00,56.88,83.44,29.44,0
M017,2024-03-07T22:10:00,53.84,87.92,29.39,0
M014,2024-03-07T22:15:00,54.21,85.06,31.42,0
M026,2024-03-07T22:20:00,53.54,77.2,30.78,0
M057,2024-03-07T22:25:00,50.48,83.22,26.38,0
M041,2024-03-07T22:30:00,57.8,86.98,28.71,0
M052,2024-03-07T22:35:00,57.15,77.58,30.38,0
M046,2024-03-07T22:40:00,50.19,77.31,31.55,0
M025,2024-03-07T22:45:00,46.46,81.08,29.18,0
M057,2024-03-07T22:50:00,46.4,84.69,30.89,0
M051,2024-03-07T22:55:00,47.37,76.36,29.5,0
M000,2024-03-07T23:00:00,53.92,78.12,28.91,0
M041,2024-03-07T23:05:00,50.35,79.99,33.93,0
M048,2024-03-07T23:10:00,47.66,70.88,27.56,0
M012,2024-03-07T23:15:00,49.78,80.32,30.71,0
M023,2024-03-07T23:20:00,47.42,73.05,28.64,0
M041,2024-03-07T23:25:00,50.0,87.63,27.41,0
M045,2024-03-07T23:30:00,45.47,75.71,29.3,0
M020,2024-03-07T23:35:00,49.68,83.88,32.68,0
M029,2024-03-07T23:40:00,48.33,92.71,27.63,0
M023,2024-03-07T23:45:00,46.85,72.91,29.94,0
M003,2024-03-07T23:50:00,54.33,84.09,31.44,0
M042,2024-03-07T23:55:00,50.97,86.33,29.59,0
M047,2024-03-08T00:00:00,53.2,85.14,27.43,0
M036,2024-03-08T00:05:00,51.44,78.12,29.23,0
M024,2024-03-08T00:10:00,48.15,74.1,29.15,0
M054,2024-03-08T00:15:00,50.99,87.6,28.63,0
M001,2024-03-08T00:20:00,46.55,73.88,30.01,0
M010,2024-03-08T00:25:00,59.97,78.17,26.67,0
M057,2024-03-08T00:30:00,51.16,84.57,26.43,0
M009,2024-03-08T00:35:00,56.29,83.56,27.92,0
M006,2024-03-08T00:40:00,46.44,78.71,26.98,0
M034,2024-03-08T00:45:00,49.0,82.98,32.09,0
M016,2024-03-08T00:50:00,47.55,75.05,29.56,0
M033,2024-03-08T00:55:00,50.36,74.77,30.63,0
M034,2024-03-08T01:00:00,50.64,75.82,32.73,0
M001,2024-03-08T01:05:00,57.4,72.61,29.65,0
M018,2024-03-08T01:10:00,52.07,83.55,31.0,0
M016,2024-03-08T01:15:00,51.75,81.01,30.1,0
M049,2024-03-08T01:20:00,49.69,87.83,30.33,0
M051,2024-03-08T01:25:00,53.07,83.72,32.43,0
M020,2024-03-08T01:30:00,51.49,78.01,31.24,0
M020,2024-03-08T01:35:00,45.56,81.78,27.26,0
M007,2024-03-08T01:40:00,52.5,75.7,27.41,0
M007,2024-03-08T01:45:00,50.5,83.08,28.18,0
M037,2024-03-08T01:50:00,50.45,77.13,31.08,0
M025,2024-03-08T01:55:00,54.02,90.38,32.18,0
M007,2024-03-08T02:00:00,43.2,79.33,28.53,0
M027,2024-03-08T02:05:00,52.75,79.28,30.11,0
M017,2024-03-08T02:10:00,52.08,82.12,31.53,0
M027,2024-03-08T02:15:00,46.6,74.65,30.43,0
M030,2024-03-08T02:20:00,54.34,76.59,30.88,0
M040,2024-03-08T02:25:00,52.59,81.47,29.93,0
M017,2024-03-08T02:30:00,54.18,80.44,28.3,0
M001,2024-03-08T02:35:00,52.39,71.85,32.02,0
M002,2024-03-08T02:40:00,53.85,84.64,29.01,0
M035,2024-03-08T02:45:00,48.33,70.4,29.08,0
M043,2024-03-08T02:50:00,50.53,84.71,28.85,0
M046,2024-03-08T02:55:00,45.89,81.57,29.16,0
M037,2024-03-08T03:00:00,47.72,83.43,30.49,0
M017,2024-03-08T03:05:00,53.89,73.46,32.53,0
M058,2024-03-08T03:10:00,55.94,85.58,31.47,0
M007,2024-03-08T03:15:00,52.32,76.25,28.4,0
M039,2024-03-08T03:20:00,57.11,82.47,28.81,0
M055,2024-03-08T03:25:00,54.28,90.08,32.48,0
M045,2024-03-08T03:30:00,49.27,84.92,31.2,0
M040,2024-03-08T03:35:00,51.81,79.15,31.84,0
M010,2024-03-08T03:40:00,48.65,73.9,25.65,0
M034,2024-03-08T03:45:00,54.62,88.12,30.44,0
M029,2024-03-08T03:50:00,56.24,69.11,28.76,0
M007,2024-03-08T03:55:00,50.25,88.7,30.42,0
M040,2024-03-08T04:00:00,43.99,78.35,29.99,0
M012,2024-03-08T04:05:00,53.32,85.01,27.69,0
M007,2024-03-08T04:10:00,55.78,87.65,27.57,0
M017,2024-03-08T04:15:00,48.76,86.92,28.16,0
M020,2024-03-08T04:20:00,49.7,84.18,28.55,0
M028,2024-03-08T04:25:00,56.35,80.17,28.03,0
M058,2024-03-08T04:30:00,51.42,85.81,30.96,0
M027,2024-03-08T04:35:00,50.61,83.01,28.32,0
M007,2024-03-08T04:40:00,52.01,82.2,29.69,0
M001,2024-03-08T04:45:00,53.63,82.39,28.84,0
M007,2024-03-08T04:50:00,51.16,75.75,29.8,0
M046,2024-03-08T04:55:00,52.1,77.06,29.24,0
M027,2024-03-08T05:00:00,51.32,74.39,27.23,0
M046,2024-03-08T05:05:00,50.43,78.3,29.04,0
M052,2024-03-08T05:10:00,51.42,86.82,31.73,0
M018,2024-03-08T05:15:00,46.4,75.27,28.63,0
M009,2024-03-08T05:20:00,49.4,77.04,27.54,0
M046,2024-03-08T05:25:00,54.66,80.2,32.67,0
M024,2024-03-08T05:30:00,47.45,67.82,27.95,0
M057,2024-03-08T05:35:00,53.5,66.67,29.21,0
M010,2024-03-08T05:40:00,52.0,76.21,30.58,0
M048,2024-03-08T05:45:00,51.01,85.19,30.94,0
M037,2024-03-08T05:50:00,50.36,80.67,31.47,0
M026,2024-03-08T05:55:00,53.9,77.7,33.0,0
M037,2024-03-08T06:00:00,52.78,83.2,32.44,0
M009,2024-03-08T06:05:00,55.38,69.44,28.54,0
M019,2024-03-08T06:10:00,51.52,79.66,32.23,0
M055,2024-03-08T06:15:00,55.2,81.2,30.93,0
M003,2024-03-08T06:20:00,52.89,80.64,30.71,0
M032,2024-03-08T06:25:00,50.35,86.96,34.13,0
M019,2024-03-08T06:30:00,49.27,75.29,28.76,0
M027,2024-03-08T06:35:00,55.63,78.18,32.23,0
M059,2024-03-08T06:40:00,49.78,80.44,30.83,0
M051,2024-03-08T06:45:00,49.55,82.12,32.6,0
M015,2024-03-08T06:50:00,46.64,78.12,27.89,0
M044,2024-03-08T06:55:00,58.92,80.65,29.13,0
M028,2024-03-08T07:00:00,49.38,77.44,28.56,0
M053,2024-03-08T07:05:00,45.27,81.67,28.72,0
M044,2024-03-08T07:10:00,57.34,86.67,28.89,0
M018,2024-03-08T07:15:00,52.48,86.89,31.62,0
M026,2024-03-08T07:20:00,53.75,73.73,30.26,0
M020,2024-03-08T07:25:00,52.06,76.23,29.36,0
M020,2024-03-08T07:30:00,48.58,77.39,30.53,0
M014,2024-03-08T07:35:00,57.12,81.6,29.07,0
M016,2024-03-08T07:40:00,51.11,77.6,32.06,0
M032,2024-03-08T07:45:00,52.2,70.94,31.32,0
M051,2024-03-08T07:50:00,53.26,77.87,31.89,0
M028,2024-03-08T07:55:00,55.52,76.67,30.19,0
M021,2024-03-08T08:00:00,53.71,78.79,29.69,0
M013,2024-03-08T08:05:00,50.84,77.62,29.36,0
M052,2024-03-08T08:10:00,54.64,75.37,30.7,0
M021,2024-03-08T08:15:00,55.33,90.44,26.51,0
M024,2024-03-08T08:20:00,55.87,87.06,27.97,0
M004,2024-03-08T08:25:00,49.1,82.59,30.05,0
M001,2024-03-08T08:30:00,46.51,78.08,29.87,0
M003,2024-03-08T08:35:00,49.04,75.54,29.99,0
M007,2024-03-08T08:40:00,50.8,85.51,32.42,0
M054,2024-03-08T08:45:00,48.05,88.82,30.96,0
M021,2024-03-08T08:50:00,52.52,74.94,28.29,0
M000,2024-03-08T08:55:00,46.79,86.44,31.81,0
M014,2024-03-08T09:00:00,51.7,75.03,30.43,0
M037,2024-03-08T09:05:00,55.19,75.93,31.49,0
M052,2024-03-08T09:10:00,50.96,84.16,29.5,0
M039,2024-03-08T09:15:00,50.85,82.39,28.38,0
M059,2024-03-08T09:20:00,54.84,81.94,32.69,0
M036,2024-03-08T09:25:00,55.35,83.1,30.44,0
M041,2024-03-08T09:30:00,54.11,72.44,34.44,0
M033,2024-03-08T09:35:00,53.55,75.58,27.24,0
M048,2024-03-08T09:40:00,51.99,76.38,30.73,0
M018,2024-03-08T09:45:00,51.69,86.49,31.95,0
M022,2024-03-08T09:50:00,54.8,73.12,28.8,0
M014,2024-03-08T09:55:00,50.06,81.61,30.09,0
M005,2024-03-08T10:00:00,50.8,82.78,27.37,0
M053,2024-03-08T10:05:00,52.55,83.68,31.9,0
M012,2024-03-08T10:10:00,49.26,79.72,28.18,0
M032,2024-03-08T10:15:00,53.17,75.65,31.38,0
M023,2024-03-08T10:20:00,53.93,76.86,26.88,0
M029,2024-03-08T10:25:00,53.57,82.06,29.91,0
M016,2024-03-08T10:30:00,56.14,80.89,28.3,0
M004,2024-03-08T10:35:00,50.76,77.22,26.91,0
M039,2024-03-08T10:40:00,50.37,86.8,32.19,0
M055,2024-03-08T10:45:00,50.66,80.39,29.46,0
M033,2024-03-08T10:50:00,55.33,82.9,31.11,0
M053,2024-03-08T10:55:00,49.16,72.87,29.33,0
M013,2024-03-08T11:00:00,47.79,82.75,32.45,0
M015,2024-03-08T11:05:00,57.59,76.52,31.59,0
M015,2024-03-08T11:10:00,52.43,83.04,30.68,0
M006,2024-03-08T11:15:00,53.26,73.81,28.7,0
M009,2024-03-08T11:20:00,55.63,75.6,30.37,0
M018,2024-03-08T11:25:00,56.52,82.73,30.15,0
M058,2024-03-08T11:30:00,56.62,78.2,25.6,0
M035,2024-03-08T11:35:00,55.82,83.06,28.92,0
M016,2024-03-08T11:40:00,44.8,76.77,28.82,0
M049,2024-03-08T11:45:00,56.54,82.63,30.7,0
M035,2024-03-08T11:50:00,56.89,81.96,27.45,0
M020,2024-03-08T11:55:00,53.68,74.26,30.48,0
M040,2024-03-08T12:00:00,50.58,80.89,33.8,0
M036,2024-03-08T12:05:00,53.12,82.45,29.61,0
M047,2024-03-08T12:10:00,56.81,82.0,29.25,0
M008,2024-03-08T12:15:00,50.91,74.23,29.5,0
M041,2024-03-08T12:20:00,55.85,81.66,30.07,0
M015,2024-03-08T12:25:00,55.37,74.41,29.17,0
M049,2024-03-08T12:30:00,48.18,81.34,28.07,0
M023,2024-03-08T12:35:00,52.44,78.92,28.69,0
M002,2024-03-08T12:40:00,51.48,93.25,28.89,0
M037,2024-03-08T12:45:00,48.22,85.16,29.94,0
M040,2024-03-08T12:50:00,51.92,81.15,31.51,0
M049,2024-03-08T12:55:00,49.69,81.63,31.56,0
M024,2024-03-08T13:00:00,55.09,73.69,26.79,0
M033,2024-03-08T13:05:00,55.1,73.98,30.34,0
M031,2024-03-08T13:10:00,44.78,72.97,28.15,0
M044,2024-03-08T13:15:00,50.77,77.85,30.08,0
M021,2024-03-08T13:20:00,50.56,74.54,28.3,0
M053,2024-03-08T13:25:00,48.93,90.67,30.95,0
M058,2024-03-08T13:30:00,55.17,71.81,30.66,0
M020,2024-03-08T13:35:00,55.4,72.67,27.78,0
M048,2024-03-08T13:40:00,55.27,81.13,27.34,0
M059,2024-03-08T13:45:00,51.15,79.51,29.37,0
M024,2024-03-08T13:50:00,49.64,73.89,28.29,0
M044,2024-03-08T13:55:00,59.01,87.74,31.44,0
M054,2024-03-08T14:00:00,50.32,76.83,29.68,0
M011,2024-03-08T14:05:00,52.12,71.14,30.72,0
M031,2024-03-08T14:10:00,55.58,75.74,26.17,0
M057,2024-03-08T14:15:00,48.77,78.41,30.38,0
M038,2024-03-08T14:20:00,52.93,82.06,27.76,0
M007,2024-03-08T14:25:00,54.92,83.74,30.82,0
M014,2024-03-08T14:30:00,53.32,74.85,31.74,0
M009,2024-03-08T14:35:00,54.04,76.8,31.88,0
M000,2024-03-08T14:40:00,47.21,74.19,27.0,0
M017,2024-03-08T14:45:00,49.98,78.85,27.55,0
M059,2024-03-08T14:50:00,54.52,73.38,31.84,0
M029,2024-03-08T14:55:00,52.86,78.99,29.66,0
M003,2024-03-08T15:00:00,51.22,76.86,30.2,0
M055,2024-03-08T15:05:00,52.21,79.96,30.73,0
M036,2024-03-08T15:10:00,50.64,82.92,31.85,0
M040,2024-03-08T15:15:00,52.77,84.67,31.12,0
M050,2024-03-08T15:20:00,53.25,83.77,31.43,0
M006,2024-03-08T15:25:00,56.16,81.29,30.24,0
M045,2024-03-08T15:30:00,53.42,75.67,30.34,0
M021,2024-03-08T15:35:00,49.0,91.16,30.68,0
M050,2024-03-08T15:40:00,53.31,79.12,29.17,0
M002,2024-03-08T15:45:00,55.97,89.6,32.58,0
M013,2024-03-08T15:50:00,57.01,77.23,29.99,0
M047,2024-03-08T15:55:00,49.02,84.97,27.32,0
M021,2024-03-08T16:00:00,53.02,85.51,31.63,0
M047,2024-03-08T16:05:00,56.68,84.13,30.23,0
M010,2024-03-08T16:10:00,53.01,76.59,29.45,0
M018,2024-03-08T16:15:00,54.47,80.94,31.12,0
M001,2024-03-08T16:20:00,57.84,86.89,32.08,0
M037,2024-03-08T16:25:00,56.96,81.69,29.91,0
M050,2024-03-08T16:30:00,54.99,71.46,27.64,0
M015,2024-03-08T16:35:00,56.59,74.28,29.93,0
M035,2024-03-08T16:40:00,56.11,77.44,26.71,0
M017,2024-03-08T16:45:00,56.12,80.14,33.23,0
M024,2024-03-08T16:50:00,50.64,78.26,30.07,0
M044,2024-03-08T16:55:00,52.82,79.65,30.3,0
M053,2024-03-08T17:00:00,56.08,83.33,28.68,0
M044,2024-03-08T17:05:00,51.69,79.38,29.89,0
M041,2024-03-08T17:10:00,55.41,72.77,29.57,0
M024,2024-03-08T17:15:00,51.9,79.46,27.7,0
M036,2024-03-08T17:20:00,51.09,75.05,30.8,0
M048,2024-03-08T17:25:00,57.04,82.73,25.77,0
M032,2024-03-08T17:30:00,54.45,73.0,29.67,0
M033,2024-03-08T17:35:00,49.63,80.65,30.14,0
M035,2024-03-08T17:40:00,50.08,85.65,30.64,0
M024,2024-03-08T17:45:00,54.04,85.55,30.35,0
M036,2024-03-08T17:50:00,58.28,80.51,29.03,0
M008,2024-03-08T17:55:00,53.28,87.19,29.25,0
M053,2024-03-08T18:00:00,51.76,79.06,29.68,0
M001,2024-03-08T18:05:00,52.87,83.99,28.7,0
M014,2024-03-08T18:10:00,53.17,83.83,33.83,0
M015,2024-03-08T18:15:00,55.4,83.66,29.9,0
M020,2024-03-08T18:20:00,56.6,79.55,28.88,0
M051,2024-03-08T18:25:00,52.78,77.3,35.35,0
M041,2024-03-08T18:30:00,51.08,76.36,27.78,0
M004,2024-03-08T18:35:00,56.95,73.98,29.42,0
M014,2024-03-08T18:40:00,53.14,81.89,30.89,0
M059,2024-03-08T18:45:00,53.17,86.18,28.06,0
M028,2024-03-08T18:50:00,56.84,80.27,26.91,0
M050,2024-03-08T18:55:00,55.84,75.0,33.05,0
M024,2024-03-08T19:00:00,51.48,85.62,30.72,0
M011,2024-03-08T19:05:00,55.25,76.47,30.04,0
M012,2024-03-08T19:10:00,55.59,72.46,28.4,0
M047,2024-03-08T19:15:00,49.09,80.59,29.56,0
M032,2024-03-08T19:20:00,55.86,77.11,29.94,0
M024,2024-03-08T19:25:00,58.89,85.08,31.46,0
M006,2024-03-08T19:30:00,49.02,87.42,26.46,0
M028,2024-03-08T19:35:00,46.63,80.67,30.39,0
M038,2024-03-08T19:40:00,53.85,84.58,32.56,0
M048,2024-03-08T19:45:00,49.3,90.63,27.79,0
M035,2024-03-08T19:50:00,54.91,74.2,30.96,0
M014,2024-03-08T19:55:00,51.1,82.11,31.56,0
M021,2024-03-08T20:00:00,49.98,75.26,28.08,0
M005,2024-03-08T20:05:00,48.3,80.16,30.93,0
M031,2024-03-08T20:10:00,44.61,72.96,26.57,0
M015,2024-03-08T20:15:00,53.2,76.2,29.79,0
M033,2024-03-08T20:20:00,45.91,78.68,31.54,0
M052,2024-03-08T20:25:00,52.59,77.82,30.98,0
M014,2024-03-08T20:30:00,51.94,81.48,28.34,0
M056,2024-03-08T20:35:00,42.22,84.15,28.48,0
M026,2024-03-08T20:40:00,47.67,85.03,30.35,0
M058,2024-03-08T20:45:00,48.32,77.33,31.0,0
M028,2024-03-08T20:50:00,49.0,74.65,34.56,0
M023,2024-03-08T20:55:00,54.36,76.38,28.4,0
M032,2024-03-08T21:00:00,52.84,78.61,30.05,0
M000,2024-03-08T21:05:00,49.29,78.47,30.72,0
M021,2024-03-08T21:10:00,46.49,84.5,29.28,0
M027,2024-03-08T21:15:00,48.54,84.5,29.21,0
M012,2024-03-08T21:20:00,49.86,80.74,31.2,0
M034,2024-03-08T21:25:00,54.44,75.6,27.95,0
M012,2024-03-08T21:30:00,50.37,75.94,31.0,0
M032,2024-03-08T21:35:00,54.38,83.62,28.96,0
M013,2024-03-08T21:40:00,50.76,80.21,26.5,0
M046,2024-03-08T21:45:00,56.63,70.1,24.87,0
M016,2024-03-08T21:50:00,51.6,76.2,32.17,0
M017,2024-03-08T21:55:00,54.51,80.86,28.81,0
M036,2024-03-08T22:00:00,50.75,84.1,28.32,0
M032,2024-03-08T22:05:00,47.23,89.61,28.95,0
M037,2024-03-08T22:10:00,52.87,74.72,30.13,0
M049,2024-03-08T22:15:00,49.94,81.25,27.6,0
M035,2024-03-08T22:20:00,52.8,72.74,27.96,0
M048,2024-03-08T22:25:00,47.93,77.26,31.52,0
M012,2024-03-08T22:30:00,54.8,78.57,32.76,0
M027,2024-03-08T22:35:00,52.04,70.42,27.67,0
M007,2024-03-08T22:40:00,50.05,80.46,30.24,0
M038,2024-03-08T22:45:00,53.8,90.19,27.9,0
M043,2024-03-08T22:50:00,52.2,85.42,32.22,0
M034,2024-03-08T22:55:00,47.36,85.23,31.48,0
M014,2024-03-08T23:00:00,47.82,79.75,31.22,0
M023,2024-03-08T23:05:00,48.66,83.3,28.86,0
M034,2024-03-08T23:10:00,44.43,80.69,32.51,0
M024,2024-03-08T23:15:00,51.87,82.98,31.15,0
M013,2024-03-08T23:20:00,53.01,88.1,27.55,0
M019,2024-03-08T23:25:00,50.38,84.37,27.51,0
M035,2024-03-08T23:30:00,50.6,71.85,30.18,0
M019,2024-03-08T23:35:00,52.52,73.79,33.16,0
M035,2024-03-08T23:40:00,46.8,69.61,31.98,0
M058,2024-03-08T23:45:00,50.24,89.07,29.89,0
M010,2024-03-08T23:50:00,55.3,81.61,27.53,0
M033,2024-03-08T23:55:00,54.75,82.22,30.66,0
M027,2024-03-09T00:00:00,52.72,65.21,27.17,0
M056,2024-03-09T00:05:00,49.64,74.9,29.65,0
M003,2024-03-09T00:10:00,47.55,68.4,25.85,0
M052,2024-03-09T00:15:00,51.16,81.85,28.6,0
M043,2024-03-09T00:20:00,49.83,68.89,30.27,0
M007,2024-03-09T00:25:00,46.08,79.9,29.43,0
M016,2024-03-09T00:30:00,55.25,80.21,28.46,0
M031,2024-03-09T00:35:00,56.03,71.09,28.25,0
M056,2024-03-09T00:40:00,49.79,79.84,31.91,0
M017,2024-03-09T00:45:00,57.32,83.52,29.99,0
M053,2024-03-09T00:50:00,54.33,83.13,27.29,0
M004,2024-03-09T00:55:00,54.97,78.27,29.14,0
M020,2024-03-09T01:00:00,56.1,78.48,32.09,0
M032,2024-03-09T01:05:00,50.98,87.09,32.4,0
M008,2024-03-09T01:10:00,50.43,72.34,27.83,0
M027,2024-03-09T01:15:00,50.33,78.36,31.62,0
M019,2024-03-09T01:20:00,49.29,85.71,28.8,0
M042,2024-03-09T01:25:00,52.18,72.8,30.71,0
M006,2024-03-09T01:30:00,50.55,72.81,31.6,0
M017,2024-03-09T01:35:00,48.99,75.75,28.94,0
M046,2024-03-09T01:40:00,52.58,85.18,32.7,0
M038,2024-03-09T01:45:00,52.4,73.86,29.77,0
M009,2024-03-09T01:50:00,50.1,86.04,30.42,0
M029,2024-03-09T01:55:00,51.72,69.81,27.31,0
M057,2024-03-09T02:00:00,51.04,72.83,28.1,0
M044,2024-03-09T02:05:00,49.26,75.27,27.17,0
M056,2024-03-09T02:10:00,47.13,82.81,24.99,0
M043,2024-03-09T02:15:00,57.06,79.65,31.86,0
M000,2024-03-09T02:20:00,49.22,85.78,29.5,0
M003,2024-03-09T02:25:00,51.07,69.43,31.32,0
M036,2024-03-09T02:30:00,49.21,77.69,29.74,0
M025,2024-03-09T02:35:00,46.25,73.08,32.75,0
M052,2024-03-09T02:40:00,49.98,87.73,28.59,0
M017,2024-03-09T02:45:00,54.69,83.07,29.76,0
M041,2024-03-09T02:50:00,54.39,71.64,31.93,0
M038,2024-03-09T02:55:00,48.98,78.96,33.16,0
M047,2024-03-09T03:00:00,51.31,70.72,30.41,0
M023,2024-03-09T03:05:00,52.57,86.85,31.92,0
M001,2024-03-09T03:10:00,52.92,79.56,29.99,0
M012,2024-03-09T03:15:00,49.24,87.51,29.69,0
M029,2024-03-09T03:20:00,57.37,75.37,27.89,0
M041,2024-03-09T03:25:00,56.26,78.84,28.02,0
M035,2024-03-09T03:30:00,48.74,86.05,27.84,0
M053,2024-03-09T03:35:00,44.72,83.16,31.06,0
M001,2024-03-09T03:40:00,52.03,77.03,27.37,0
M051,2024-03-09T03:45:00,49.82,81.72,30.15,0
M034,2024-03-09T03:50:00,52.17,84.71,34.71,0
M005,2024-03-09T03:55:00,49.85,64.29,29.26,0
M006,2024-03-09T04:00:00,56.86,89.66,32.6,0
M017,2024-03-09T04:05:00,52.59,78.52,28.96,0
M012,2024-03-09T04:10:00,51.36,73.39,28.11,0
M058,2024-03-09T04:15:00,54.69,77.56,29.14,0
M006,2024-03-09T04:20:00,56.41,70.84,30.64,0
M049,2024-03-09T04:25:00,51.38,81.24,29.93,0
M006,2024-03-09T04:30:00,52.11,80.78,28.43,0
M030,2024-03-09T04:35:00,51.04,88.53,30.7,0
M019,2024-03-09T04:40:00,56.09,74.92,31.33,0
M003,2024-03-09T04:45:00,51.73,83.36,33.88,0
M023,2024-03-09T04:50:00,56.12,83.95,31.7,0
M022,2024-03-09T04:55:00,59.16,71.8,31.42,0
M001,2024-03-09T05:00:00,56.3,75.54,28.94,0
M032,2024-03-09T05:05:00,51.17,73.36,31.75,0
M042,2024-03-09T05:10:00,53.93,85.77,32.92,0
M057,2024-03-09T05:15:00,53.2,77.01,31.83,0
M008,2024-03-09T05:20:00,45.96,89.46,26.2,0
M033,2024-03-09T05:25:00,56.25,75.22,27.55,0
M026,2024-03-09T05:30:00,49.82,79.34,29.22,0
M005,2024-03-09T05:35:00,48.02,76.94,30.17,0
M022,2024-03-09T05:40:00,51.41,90.49,32.65,0
M028,2024-03-09T05:45:00,50.07,85.78,29.55,0
M012,2024-03-09T05:50:00,52.09,77.32,30.0,0
M024,2024-03-09T05:55:00,49.96,78.91,30.56,0
M027,2024-03-09T06:00:00,53.44,82.16,27.64,0
M029,2024-03-09T06:05:00,50.89,79.28,28.29,0
M035,2024-03-09T06:10:00,50.29,78.18,27.34,0
M031,2024-03-09T06:15:00,57.06,84.49,26.51,0
M011,2024-03-09T06:20:00,48.57,80.76,30.75,0
M031,2024-03-09T06:25:00,52.53,84.34,34.96,0
M016,2024-03-09T06:30:00,49.82,76.02,31.98,0
M027,2024-03-09T06:35:00,54.1,81.4,29.69,0
M017,2024-03-09T06:40:00,54.23,77.49,26.19,0
M022,2024-03-09T06:45:00,54.0,68.88,30.13,0
M022,2024-03-09T06:50:00,53.04,81.25,30.73,0
M033,2024-03-09T06:55:00,51.11,78.91,30.63,0
M029,2024-03-09T07:00:00,52.28,82.09,31.21,0
M056,2024-03-09T07:05:00,46.18,84.11,30.24,0
M030,2024-03-09T07:10:00,52.93,78.8,31.56,0
M006,2024-03-09T07:15:00,47.0,74.48,32.66,0
M039,2024-03-09T07:20:00,51.91,77.68,30.43,0
M025,2024-03-09T07:25:00,50.58,78.64,27.25,0
M038,2024-03-09T07:30:00,51.99,78.71,25.51,0
M052,2024-03-09T07:35:00,51.32,79.44,31.22,0
M047,2024-03-09T07:40:00,58.41,68.84,26.42,0
M036,2024-03-09T07:45:00,52.59,85.5,28.82,0
M040,2024-03-09T07:50:00,55.79,82.3,30.77,0
M059,2024-03-09T07:55:00,57.18,83.95,28.54,0
M029,2024-03-09T08:00:00,53.25,83.85,30.6,0
M024,2024-03-09T08:05:00,51.65,81.86,32.36,0
M024,2024-03-09T08:10:00,49.49,72.04,28.66,0
M022,2024-03-09T08:15:00,50.38,85.73,34.06,0
M028,2024-03-09T08:20:00,52.41,78.15,31.24,0
M004,2024-03-09T08:25:00,50.53,86.16,29.89,0
M012,2024-03-09T08:30:00,49.85,77.74,30.17,0
M008,2024-03-09T08:35:00,50.44,75.14,32.69,0
M022,2024-03-09T08:40:00,49.15,80.17,29.59,0
M009,2024-03-09T08:45:00,56.68,85.62,28.38,0
M047,2024-03-09T08:50:00,52.1,86.68,30.0,0
M000,2024-03-09T08:55:00,57.32,80.43,27.36,0
M004,2024-03-09T09:00:00,54.32,79.13,29.19,0
M000,2024-03-09T09:05:00,51.39,85.25,26.75,0
M009,2024-03-09T09:10:00,50.3,74.79,29.66,0
M013,2024-03-09T09:15:00,55.48,86.78,27.26,0
M058,2024-03-09T09:20:00,49.34,76.15,28.83,0
M013,2024-03-09T09:25:00,53.55,70.33,28.73,0
M001,2024-03-09T09:30:00,52.83,82.41,28.98,0
M046,2024-03-09T09:35:00,56.87,76.56,28.97,0
M028,2024-03-09T09:40:00,53.69,79.27,29.16,0
M016,2024-03-09T09:45:00,54.31,73.87,31.44,0
M028,2024-03-09T09:50:00,59.51,80.68,32.11,0
M056,2024-03-09T09:55:00,51.26,83.44,32.95,0
M017,2024-03-09T10:00:00,57.11,81.45,31.35,0
M006,2024-03-09T10:05:00,56.68,79.55,27.04,0
M011,2024-03-09T10:10:00,60.41,76.96,29.86,0
M014,2024-03-09T10:15:00,48.51,86.73,29.48,0
M014,2024-03-09T10:20:00,54.66,82.19,25.77,0
M009,2024-03-09T10:25:00,56.0,85.79,28.8,0
M003,2024-03-09T10:30:00,61.1,75.77,26.48,0
M054,2024-03-09T10:35:00,53.87,76.56,35.29,0
M039,2024-03-09T10:40:00,57.49,78.76,26.22,0
M037,2024-03-09T10:45:00,50.93,70.7,28.14,0
M023,2024-03-09T10:50:00,58.68,79.14,33.26,0
M048,2024-03-09T10:55:00,56.29,86.62,25.53,0
M021,2024-03-09T11:00:00,56.58,75.02,31.0,0
M026,2024-03-09T11:05:00,52.74,76.77,32.53,0
M029,2024-03-09T11:10:00,53.46,78.07,31.46,0
M040,2024-03-09T11:15:00,55.05,75.82,31.12,0
M017,2024-03-09T11:20:00,56.5,79.13,30.52,0
M008,2024-03-09T11:25:00,55.41,80.84,29.78,0
M044,2024-03-09T11:30:00,57.69,75.65,35.05,0
M018,2024-03-09T11:35:00,53.9,76.23,32.17,0
M052,2024-03-09T11:40:00,60.82,87.21,32.24,0
M038,2024-03-09T11:45:00,55.8,71.78,29.57,0
M029,2024-03-09T11:50:00,58.59,72.76,30.76,0
M001,2024-03-09T11:55:00,56.19,80.66,30.46,0
M042,2024-03-09T12:00:00,55.04,70.42,27.5,0
M016,2024-03-09T12:05:00,52.05,83.03,29.58,0
M050,2024-03-09T12:10:00,56.77,79.69,30.24,0
M037,2024-03-09T12:15:00,54.57,77.47,34.09,0
M014,2024-03-09T12:20:00,54.72,83.87,31.23,0
M014,2024-03-09T12:25:00,56.31,80.59,31.41,0
M025,2024-03-09T12:30:00,52.04,76.96,29.88,0
M023,2024-03-09T12:35:00,57.26,82.59,26.08,0
M057,2024-03-09T12:40:00,50.59,82.63,32.54,0
M011,2024-03-09T12:45:00,51.52,81.55,31.83,0
M052,2024-03-09T12:50:00,52.24,76.05,29.6,0
M056,2024-03-09T12:55:00,56.81,83.09,28.84,0
M019,2024-03-09T13:00:00,60.46,75.12,30.63,0
M008,2024-03-09T13:05:00,56.21,76.85,28.55,0
M037,2024-03-09T13:10:00,49.66,75.94,28.97,0
M054,2024-03-09T13:15:00,49.98,75.27,33.02,0
M058,2024-03-09T13:20:00,53.45,78.51,28.83,0
M034,2024-03-09T13:25:00,56.93,79.92,30.04,0
M009,2024-03-09T13:30:00,55.05,81.16,27.03,0
M041,2024-03-09T13:35:00,55.77,77.84,32.27,0
M040,2024-03-09T13:40:00,57.48,83.8,29.98,0
M025,2024-03-09T13:45:00,53.44,79.63,27.13,0
M035,2024-03-09T13:50:00,54.87,84.67,28.78,0
M035,2024-03-09T13:55:00,53.53,80.76,31.25,0
M023,2024-03-09T14:00:00,56.27,80.58,26.24,0
M050,2024-03-09T14:05:00,51.57,88.04,30.22,0
M043,2024-03-09T14:10:00,50.26,76.07,30.78,0
M018,2024-03-09T14:15:00,54.14,83.66,26.97,0
M049,2024-03-09T14:20:00,58.01,81.55,30.58,0
M041,2024-03-09T14:25:00,56.51,84.43,30.23,0
M043,2024-03-09T14:30:00,54.23,72.75,29.4,0
M010,2024-03-09T14:35:00,56.91,74.79,30.7,0
M048,2024-03-09T14:40:00,50.4,76.88,31.2,0
M041,2024-03-09T14:45:00,54.37,77.58,29.73,0
M056,2024-03-09T14:50:00,55.23,75.98,27.38,0
M036,2024-03-09T14:55:00,54.27,78.89,32.19,0
M031,2024-03-09T15:00:00,52.12,88.55,28.41,0
M057,2024-03-09T15:05:00,53.91,80.49,27.48,0
M031,2024-03-09T15:10:00,50.55,87.11,31.32,0
M045,2024-03-09T15:15:00,53.78,82.02,27.48,0
M044,2024-03-09T15:20:00,55.1,86.06,30.85,0
M001,2024-03-09T15:25:00,55.65,82.43,26.45,0
M000,2024-03-09T15:30:00,56.23,80.04,29.82,0
M003,2024-03-09T15:35:00,53.04,76.02,29.99,0
M017,2024-03-09T15:40:00,50.59,81.9,32.63,0
M007,2024-03-09T15:45:00,51.61,93.57,29.75,0
M018,2024-03-09T15:50:00,48.59,78.45,28.05,0
M054,2024-03-09T15:55:00,56.17,80.12,27.89,0
M051,2024-03-09T16:00:00,55.21,81.81,25.39,0
M021,2024-03-09T16:05:00,48.52,85.5,28.87,0
M059,2024-03-09T16:10:00,50.72,83.84,31.21,0
M046,2024-03-09T16:15:00,57.4,82.98,27.89,0
M056,2024-03-09T16:20:00,51.65,92.97,30.04,0
M005,2024-03-09T16:25:00,54.42,88.23,30.32,0
M026,2024-03-09T16:30:00,48.19,74.77,30.98,0
M057,2024-03-09T16:35:00,49.44,74.7,33.1,0
M056,2024-03-09T16:40:00,46.77,78.87,31.18,0
M050,2024-03-09T16:45:00,49.94,76.42,30.74,0
M018,2024-03-09T16:50:00,43.09,73.62,29.16,0
M037,2024-03-09T16:55:00,51.49,77.37,30.76,0
M049,2024-03-09T17:00:00,49.48,79.71,32.1,0
M011,2024-03-09T17:05:00,48.41,79.72,30.12,0
M048,2024-03-09T17:10:00,47.63,78.08,31.71,0
M036,2024-03-09T17:15:00,54.52,83.63,29.46,0
M059,2024-03-09T17:20:00,47.71,81.71,31.4,0
M002,2024-03-09T17:25:00,48.71,79.58,30.09,0
M047,2024-03-09T17:30:00,49.68,78.55,28.92,0
M046,2024-03-09T17:35:00,45.96,75.12,31.11,0
M044,2024-03-09T17:40:00,47.25,83.79,35.04,0
M000,2024-03-09T17:45:00,45.5,85.21,29.88,0
M010,2024-03-09T17:50:00,52.83,74.37,31.45,0
M017,2024-03-09T17:55:00,55.25,82.43,28.62,0
M040,2024-03-09T18:00:00,48.06,87.23,33.32,0
M037,2024-03-09T18:05:00,49.08,76.6,28.58,0
M054,2024-03-09T18:10:00,47.2,79.19,31.06,0
M023,2024-03-09T18:15:00,51.72,73.53,32.18,0
M024,2024-03-09T18:20:00,44.95,74.64,27.37,0
M013,2024-03-09T18:25:00,51.21,84.32,28.0,0
M010,2024-03-09T18:30:00,48.91,78.22,30.97,0
M057,2024-03-09T18:35:00,51.38,84.19,28.01,0
M029,2024-03-09T18:40:00,50.23,80.01,32.29,0
M013,2024-03-09T18:45:00,55.71,70.51,26.44,0
M010,2024-03-09T18:50:00,48.26,77.33,33.08,0
M038,2024-03-09T18:55:00,46.14,79.75,28.5,0
M040,2024-03-09T19:00:00,54.07,74.94,27.96,0
M029,2024-03-09T19:05:00,46.02,84.6,27.46,0
M011,2024-03-09T19:10:00,52.21,81.55,31.25,0
M040,2024-03-09T19:15:00,51.12,76.73,29.96,0
M047,2024-03-09T19:20:00,48.88,77.26,30.07,0
M028,2024-03-09T19:25:00,48.91,84.45,27.18,0
M010,2024-03-09T19:30:00,53.17,79.28,31.21,0
M058,2024-03-09T19:35:00,47.7,79.86,30.52,0
M049,2024-03-09T19:40:00,52.0,86.39,30.38,0
M038,2024-03-09T19:45:00,47.34,81.91,28.67,0
M011,2024-03-09T19:50:00,49.23,78.0,29.64,0
M013,2024-03-09T19:55:00,54.38,73.4,28.18,0
M054,2024-03-09T20:00:00,49.24,71.52,29.61,0
M000,2024-03-09T20:05:00,53.6,78.52,29.04,0
M026,2024-03-09T20:10:00,50.1,77.62,31.51,0
M030,2024-03-09T20:15:00,50.47,84.33,29.53,0
M006,2024-03-09T20:20:00,54.87,82.53,31.28,0
M014,2024-03-09T20:25:00,52.89,70.39,30.3,0
M003,2024-03-09T20:30:00,50.41,74.74,30.0,0
M035,2024-03-09T20:35:00,51.45,77.86,29.47,0
M055,2024-03-09T20:40:00,54.99,74.75,27.48,0
M014,2024-03-09T20:45:00,51.44,83.9,33.27,0
M042,2024-03-09T20:50:00,52.47,89.45,28.32,0
M007,2024-03-09T20:55:00,47.27,83.88,29.75,0
M015,2024-03-09T21:00:00,54.44,84.4,29.9,0
M058,2024-03-09T21:05:00,57.75,83.69,27.92,0
M035,2024-03-09T21:10:00,54.48,77.6,29.78,0
M023,2024-03-09T21:15:00,48.34,73.83,28.86,0
M006,2024-03-09T21:20:00,47.49,88.4,30.34,0
M024,2024-03-09T21:25:00,55.98,82.78,31.94,0
M005,2024-03-09T21:30:00,50.62,84.11,30.72,0
M000,2024-03-09T21:35:00,53.25,78.54,27.22,0
M045,2024-03-09T21:40:00,52.6,79.22,27.24,0
M005,2024-03-09T21:45:00,44.57,78.45,29.53,0
M014,2024-03-09T21:50:00,52.01,75.4,30.52,0
M009,2024-03-09T21:55:00,49.73,73.15,27.29,0
M054,2024-03-09T22:00:00,49.62,86.96,32.45,0
M014,2024-03-09T22:05:00,52.62,85.5,28.73,0
M036,2024-03-09T22:10:00,46.28,85.01,31.86,0
M037,2024-03-09T22:15:00,52.8,75.53,29.94,0
M056,2024-03-09T22:20:00,49.55,79.6,33.45,0
M017,2024-03-09T22:25:00,50.1,81.84,28.39,0
M045,2024-03-09T22:30:00,56.82,81.51,29.48,0
M018,2024-03-09T22:35:00,52.3,82.43,29.12,0
M008,2024-03-09T22:40:00,54.67,87.84,29.88,0
M021,2024-03-09T22:45:00,48.85,83.56,29.74,0
M047,2024-03-09T22:50:00,45.19,79.72,30.45,0
M058,2024-03-09T22:55:00,49.4,74.55,30.24,0
M010,2024-03-09T23:00:00,47.37,75.86,30.57,0
M035,2024-03-09T23:05:00,53.75,71.58,31.41,0
M042,2024-03-09T23:10:00,50.97,84.03,30.12,0
M032,2024-03-09T23:15:00,51.08,75.32,32.06,0
M017,2024-03-09T23:20:00,49.25,74.41,29.7,0
M001,2024-03-09T23:25:00,52.98,86.32,29.75,0
M025,2024-03-09T23:30:00,54.82,83.14,29.44,0
M022,2024-03-09T23:35:00,50.41,81.82,29.9,0
M005,2024-03-09T23:40:00,53.56,85.98,31.64,0
M008,2024-03-09T23:45:00,51.36,80.16,32.2,0
M053,2024-03-09T23:50:00,51.2,74.92,30.76,0
M038,2024-03-09T23:55:00,49.21,77.77,28.31,0
M015,2024-03-10T00:00:00,53.31,84.16,31.01,0
M007,2024-03-10T00:05:00,50.27,78.79,27.7,0
M019,2024-03-10T00:10:00,53.21,72.82,34.84,0
M037,2024-03-10T00:15:00,50.66,82.18,29.83,0
M015,2024-03-10T00:20:00,53.24,84.71,30.99,0
M029,2024-03-10T00:25:00,47.43,84.28,27.72,0
M006,2024-03-10T00:30:00,50.42,74.21,30.28,0
M054,2024-03-10T00:35:00,54.5,75.02,28.97,0
M004,2024-03-10T00:40:00,54.55,73.64,27.63,0
M022,2024-03-10T00:45:00,52.92,80.28,30.86,0
M023,2024-03-10T00:50:00,47.94,77.6,32.03,0
M003,2024-03-10T00:55:00,47.79,79.83,32.37,0
M058,2024-03-10T01:00:00,52.14,83.16,33.16,0
M036,2024-03-10T01:05:00,51.7,77.84,28.57,0
M004,2024-03-10T01:10:00,50.32,77.59,30.52,0
M025,2024-03-10T01:15:00,55.35,72.01,29.89,0
M049,2024-03-10T01:20:00,54.32,78.65,34.27,0
M046,2024-03-10T01:25:00,55.58,82.03,31.92,0
M021,2024-03-10T01:30:00,50.98,73.63,29.23,0
M027,2024-03-10T01:35:00,51.2,85.98,33.06,0
M045,2024-03-10T01:40:00,52.8,77.58,33.1,0
M023,2024-03-10T01:45:00,53.38,78.7,27.81,0
M004,2024-03-10T01:50:00,49.71,80.99,27.5,0
M039,2024-03-10T01:55:00,54.28,73.88,29.91,0
M004,2024-03-10T02:00:00,52.29,87.21,27.19,0
M054,2024-03-10T02:05:00,54.81,77.35,31.55,0
M054,2024-03-10T02:10:00,49.7,84.29,25.89,0
M011,2024-03-10T02:15:00,51.15,81.92,28.24,0
M038,2024-03-10T02:20:00,54.66,75.67,32.82,0
M036,2024-03-10T02:25:00,55.57,80.8,32.38,0
M025,2024-03-10T02:30:00,47.39,79.09,28.41,0
M020,2024-03-10T02:35:00,51.27,78.89,28.49,0
M005,2024-03-10T02:40:00,51.76,85.01,29.49,0
M014,2024-03-10T02:45:00,51.42,73.27,30.73,0
M055,2024-03-10T02:50:00,54.6,73.83,29.23,0
M022,2024-03-10T02:55:00,51.2,72.97,31.41,0
M006,2024-03-10T03:00:00,54.91,84.85,29.37,0
M000,2024-03-10T03:05:00,52.85,81.65,27.73,0
M032,2024-03-10T03:10:00,52.41,73.9,30.78,0
M050,2024-03-10T03:15:00,49.02,75.94,28.72,0
M008,2024-03-10T03:20:00,47.36,72.36,28.3,0
M019,2024-03-10T03:25:00,57.67,85.99,30.93,0
M048,2024-03-10T03:30:00,55.8,75.78,31.92,0
M011,2024-03-10T03:35:00,50.52,83.12,31.19,0
M004,2024-03-10T03:40:00,51.5,83.11,29.25,0
M017,2024-03-10T03:45:00,52.39,77.76,29.44,0
M049,2024-03-10T03:50:00,49.4,80.08,26.9,0
M051,2024-03-10T03:55:00,51.64,74.6,28.04,0
M049,2024-03-10T04:00:00,53.33,88.63,30.64,0
M058,2024-03-10T04:05:00,53.93,77.33,32.29,0
M054,2024-03-10T04:10:00,52.35,77.06,31.68,0
M011,2024-03-10T04:15:00,53.46,84.9,29.66,0
M059,2024-03-10T04:20:00,58.07,76.8,28.33,0
M051,2024-03-10T04:25:00,55.64,74.34,28.5,0
M010,2024-03-10T04:30:00,57.45,76.38,32.49,0
M049,2024-03-10T04:35:00,54.68,68.69,33.07,0
M028,2024-03-10T04:40:00,52.12,80.6,30.07,0
M052,2024-03-10T04:45:00,59.59,82.48,31.0,0
M003,2024-03-10T04:50:00,53.44,91.24,30.41,0
M028,2024-03-10T04:55:00,54.26,77.46,23.55,0
M016,2024-03-10T05:00:00,50.56,72.91,29.48,0
M022,2024-03-10T05:05:00,51.76,73.94,30.94,0
M017,2024-03-10T05:10:00,54.03,73.63,30.76,0
M006,2024-03-10T05:15:00,55.48,77.36,27.51,0
M014,2024-03-10T05:20:00,58.14,79.4,27.18,0
M054,2024-03-10T05:25:00,52.73,79.35,28.69,0
M047,2024-03-10T05:30:00,56.52,83.15,29.15,0
M027,2024-03-10T05:35:00,53.81,80.87,30.42,0
M051,2024-03-10T05:40:00,53.31,76.56,29.47,0
M026,2024-03-10T05:45:00,51.27,83.66,35.22,0
M024,2024-03-10T05:50:00,55.61,77.87,32.66,0
M030,2024-03-10T05:55:00,53.22,78.93,27.93,0
M013,2024-03-10T06:00:00,53.46,75.01,31.72,0
M058,2024-03-10T06:05:00,59.05,77.1,32.73,0
M034,2024-03-10T06:10:00,56.26,79.83,29.48,0
M056,2024-03-10T06:15:00,53.14,76.32,30.0,0
M048,2024-03-10T06:20:00,49.41,79.61,29.25,0
M017,2024-03-10T06:25:00,56.81,72.13,32.33,0
M054,2024-03-10T06:30:00,53.75,76.05,28.59,0
M014,2024-03-10T06:35:00,52.7,75.86,31.51,0
M004,2024-03-10T06:40:00,52.0,72.39,29.3,0
M015,2024-03-10T06:45:00,54.69,74.59,31.22,0
M025,2024-03-10T06:50:00,52.45,76.93,32.46,0
M040,2024-03-10T06:55:00,45.97,86.34,28.0,0
M055,2024-03-10T07:00:00,47.09,85.1,30.62,0
M032,2024-03-10T07:05:00,55.1,75.8,27.59,0
M018,2024-03-10T07:10:00,49.57,72.88,29.09,0
M007,2024-03-10T07:15:00,51.68,77.45,32.36,0
M014,2024-03-10T07:20:00,51.93,80.12,28.6,0
M050,2024-03-10T07:25:00,53.68,90.3,28.89,0
M016,2024-03-10T07:30:00,50.17,80.48,29.73,0
M024,2024-03-10T07:35:00,50.19,79.64,29.31,0
M051,2024-03-10T07:40:00,55.01,84.65,30.22,0
M011,2024-03-10T07:45:00,53.61,74.85,27.56,0
M058,2024-03-10T07:50:00,50.43,76.33,30.91,0
M023,2024-03-10T07:55:00,46.76,77.02,29.94,0
M028,2024-03-10T08:00:00,52.5,76.81,30.77,0
M020,2024-03-10T08:05:00,53.12,76.14,27.56,0
M036,2024-03-10T08:10:00,52.6,75.66,27.74,0
M019,2024-03-10T08:15:00,51.27,74.02,26.74,0
M047,2024-03-10T08:20:00,56.76,80.93,28.14,0
M045,2024-03-10T08:25:00,53.79,71.64,26.42,0
M043,2024-03-10T08:30:00,54.26,86.88,31.8,0
M054,2024-03-10T08:35:00,48.69,73.73,31.23,0
M039,2024-03-10T08:40:00,54.02,83.42,30.45,0
M009,2024-03-10T08:45:00,57.45,72.99,31.28,0
M055,2024-03-10T08:50:00,52.73,85.44,31.01,0
M052,2024-03-10T08:55:00,59.75,70.65,29.09,0
M010,2024-03-10T09:00:00,53.44,74.49,30.01,0
M040,2024-03-10T09:05:00,52.88,89.55,24.92,0
M056,2024-03-10T09:10:00,52.22,83.86,30.46,0
M002,2024-03-10T09:15:00,52.88,81.12,32.66,0
M023,2024-03-10T09:20:00,53.42,84.74,31.41,0
M026,2024-03-10T09:25:00,54.41,78.97,28.56,0
M031,2024-03-10T09:30:00,51.76,78.21,29.21,0
M035,2024-03-10T09:35:00,53.55,91.17,29.76,0
M004,2024-03-10T09:40:00,54.23,78.71,29.44,0
M024,2024-03-10T09:45:00,62.03,81.82,28.8,0
M056,2024-03-10T09:50:00,54.27,82.39,33.45,0
M028,2024-03-10T09:55:00,49.89,74.48,31.36,0
M004,2024-03-10T10:00:00,60.3,83.96,29.68,0
M035,2024-03-10T10:05:00,49.74,84.52,27.69,0
M039,2024-03-10T10:10:00,52.47,75.87,27.3,0
M019,2024-03-10T10:15:00,50.9,76.65,30.42,0
M018,2024-03-10T10:20:00,55.76,86.41,26.09,0
M001,2024-03-10T10:25:00,56.05,76.11,31.45,0
M052,2024-03-10T10:30:00,54.76,76.2,31.65,0
M047,2024-03-10T10:35:00,58.86,75.99,32.1,0
M026,2024-03-10T10:40:00,53.89,77.02,29.92,0
M041,2024-03-10T10:45:00,50.71,82.52,30.96,0
M003,2024-03-10T10:50:00,54.35,87.45,26.84,0
M051,2024-03-10T10:55:00,52.47,87.76,25.64,0
M001,2024-03-10T11:00:00,51.65,80.44,29.18,0
M052,2024-03-10T11:05:00,57.5,83.84,30.64,0
M015,2024-03-10T11:10:00,56.65,77.74,29.42,0
M010,2024-03-10T11:15:00,58.89,83.81,30.47,0
M044,2024-03-10T11:20:00,62.51,74.8,28.58,0
M009,2024-03-10T11:25:00,51.94,88.91,28.84,0
M034,2024-03-10T11:30:00,54.58,76.58,32.62,0
M008,2024-03-10T11:35:00,57.82,83.44,28.38,0
M025,2024-03-10T11:40:00,56.98,76.28,29.77,0
M005,2024-03-10T11:45:00,53.24,78.61,31.76,0
M000,2024-03-10T11:50:00,53.28,80.4,30.75,0
M021,2024-03-10T11:55:00,53.77,76.38,34.72,0
M006,2024-03-10T12:00:00,58.05,82.21,31.45,0
M059,2024-03-10T12:05:00,57.27,76.06,30.26,0
M035,2024-03-10T12:10:00,56.37,81.43,32.13,0
M011,2024-03-10T12:15:00,52.79,77.42,29.84,0
M037,2024-03-10T12:20:00,56.7,82.63,32.15,0
M059,2024-03-10T12:25:00,53.48,79.47,26.59,0
M047,2024-03-10T12:30:00,56.41,79.1,30.02,0
M047,2024-03-10T12:35:00,57.36,79.31,27.89,0
M015,2024-03-10T12:40:00,55.72,81.12,30.47,0
M019,2024-03-10T12:45:00,63.62,76.75,32.51,0
M051,2024-03-10T12:50:00,57.93,89.19,26.7,0
M044,2024-03-10T12:55:00,50.4,81.52,30.03,0
M019,2024-03-10T13:00:00,49.59,76.31,26.45,0
M026,2024-03-10T13:05:00,55.0,75.7,30.38,0
M032,2024-03-10T13:10:00,54.3,86.69,30.33,0
M017,2024-03-10T13:15:00,49.38,85.61,31.72,0
M039,2024-03-10T13:20:00,50.07,86.23,28.92,0
M024,2024-03-10T13:25:00,52.98,74.42,28.2,0
M001,2024-03-10T13:30:00,51.7,77.12,28.98,0
M059,2024-03-10T13:35:00,51.51,81.96,30.92,0
M023,2024-03-10T13:40:00,51.37,82.16,27.97,0
M057,2024-03-10T13:45:00,50.01,77.21,30.98,0
M043,2024-03-10T13:50:00,48.64,71.42,25.08,0
M035,2024-03-10T13:55:00,49.09,90.26,31.22,0
M050,2024-03-10T14:00:00,46.59,77.13,28.18,0
M026,2024-03-10T14:05:00,45.45,73.79,32.76,0
M020,2024-03-10T14:10:00,55.51,83.28,28.99,0
M044,2024-03-10T14:15:00,43.8,80.07,34.2,0
M001,2024-03-10T14:20:00,54.19,73.48,30.16,0
M007,2024-03-10T14:25:00,48.98,79.79,27.95,0
M011,2024-03-10T14:30:00,48.95,77.0,30.76,0
M038,2024-03-10T14:35:00,50.95,82.72,30.76,0
M054,2024-03-10T14:40:00,48.46,66.09,28.31,0
M020,2024-03-10T14:45:00,49.74,78.18,29.82,0
M058,2024-03-10T14:50:00,50.2,71.57,28.47,0
M011,2024-03-10T14:55:00,52.79,73.1,35.99,0
M036,2024-03-10T15:00:00,46.63,88.28,28.66,0
M003,2024-03-10T15:05:00,52.07,68.48,29.28,0
M020,2024-03-10T15:10:00,50.58,74.65,31.1,0
M038,2024-03-10T15:15:00,53.65,79.99,28.28,0
M018,2024-03-10T15:20:00,48.74,88.67,29.03,0
M006,2024-03-10T15:25:00,49.68,81.29,28.13,0
M015,2024-03-10T15:30:00,46.05,77.14,28.29,0
M027,2024-03-10T15:35:00,48.07,77.32,29.62,0
M019,2024-03-10T15:40:00,45.8,76.98,30.51,0
M014,2024-03-10T15:45:00,47.82,82.24,29.67,0
M017,2024-03-10T15:50:00,50.51,80.32,27.76,0
M025,2024-03-10T15:55:00,48.22,81.96,31.69,0
M033,2024-03-10T16:00:00,51.67,81.15,26.06,0
M016,2024-03-10T16:05:00,51.86,81.49,25.97,0
M009,2024-03-10T16:10:00,47.69,79.12,27.03,0
M057,2024-03-10T16:15:00,49.4,78.66,30.92,0
M003,2024-03-10T16:20:00,50.04,86.81,32.25,0
M031,2024-03-10T16:25:00,45.27,82.67,30.4,0
M032,2024-03-10T16:30:00,51.44,80.53,28.08,0
M056,2024-03-10T16:35:00,49.19,79.54,31.38,0
M004,2024-03-10T16:40:00,52.9,85.05,31.28,0
M030,2024-03-10T16:45:00,50.24,80.5,26.99,0
M018,2024-03-10T16:50:00,48.94,73.87,28.09,0
M017,2024-03-10T16:55:00,50.4,74.23,30.77,0
M053,2024-03-10T17:00:00,52.59,74.09,28.18,0
M057,2024-03-10T17:05:00,52.59,83.28,28.72,0
M000,2024-03-10T17:10:00,48.29,70.96,34.72,0
M021,2024-03-10T17:15:00,47.58,79.57,26.12,0
M034,2024-03-10T17:20:00,48.91,87.75,29.49,0
M024,2024-03-10T17:25:00,50.86,79.98,34.01,0
M057,2024-03-10T17:30:00,55.4,69.4,29.56,0
M014,2024-03-10T17:35:00,47.96,84.33,30.07,0
M008,2024-03-10T17:40:00,48.02,83.52,28.91,0
M024,2024-03-10T17:45:00,49.31,73.13,26.87,0
M012,2024-03-10T17:50:00,47.71,75.37,33.03,0
M032,2024-03-10T17:55:00,47.19,85.0,29.31,0
M057,2024-03-10T18:00:00,55.06,81.56,31.34,0
M032,2024-03-10T18:05:00,50.96,90.56,26.98,0
M024,2024-03-10T18:10:00,58.14,80.43,28.55,0
M039,2024-03-10T18:15:00,52.87,76.6,31.24,0
M018,2024-03-10T18:20:00,49.07,86.55,30.08,0
M053,2024-03-10T18:25:00,50.52,74.98,32.19,0
M058,2024-03-10T18:30:00,50.62,78.92,30.19,0
M045,2024-03-10T18:35:00,56.88,73.18,30.89,0
M019,2024-03-10T18:40:00,48.31,74.15,29.01,0
M055,2024-03-10T18:45:00,51.63,80.62,29.22,0
M023,2024-03-10T18:50:00,47.92,71.74,31.81,0
M035,2024-03-10T18:55:00,51.21,76.3,28.95,0
M039,2024-03-10T19:00:00,47.84,76.62,27.71,0
M054,2024-03-10T19:05:00,52.47,79.01,32.0,0
M006,2024-03-10T19:10:00,55.77,81.6,25.49,0
M034,2024-03-10T19:15:00,48.76,79.91,30.96,0
M036,2024-03-10T19:20:00,51.75,81.91,28.9,0
M022,2024-03-10T19:25:00,49.1,86.55,31.5,0
M001,2024-03-10T19:30:00,52.18,83.89,29.9,0
M022,2024-03-10T19:35:00,47.66,70.22,27.78,0
M049,2024-03-10T19:40:00,54.3,76.0,30.81,0
M051,2024-03-10T19:45:00,51.75,81.06,30.73,0
M007,2024-03-10T19:50:00,54.2,84.16,28.96,0
M057,2024-03-10T19:55:00,51.8,75.52,26.07,0
M017,2024-03-10T20:00:00,51.64,78.82,29.21,0
M010,2024-03-10T20:05:00,46.53,84.06,29.02,0
M027,2024-03-10T20:10:00,47.18,80.97,32.28,0
M052,2024-03-10T20:15:00,55.15,81.09,28.57,0
M005,2024-03-10T20:20:00,52.59,86.17,32.27,0
M027,2024-03-10T20:25:00,49.46,70.26,34.28,0
M044,2024-03-10T20:30:00,49.94,80.17,30.32,0
M005,2024-03-10T20:35:00,53.13,80.43,28.94,0
M011,2024-03-10T20:40:00,52.08,79.1,30.18,0
M038,2024-03-10T20:45:00,53.75,82.56,27.3,0
M018,2024-03-10T20:50:00,53.68,83.15,28.21,0
M011,2024-03-10T20:55:00,49.28,80.98,31.26,0
M041,2024-03-10T21:00:00,52.98,79.17,29.0,0
M016,2024-03-10T21:05:00,53.83,79.12,27.74,0
M048,2024-03-10T21:10:00,49.69,77.42,29.07,0
M001,2024-03-10T21:15:00,50.34,72.44,30.98,0
M048,2024-03-10T21:20:00,48.32,74.02,34.35,0
M044,2024-03-10T21:25:00,52.55,76.75,29.78,0
M031,2024-03-10T21:30:00,51.2,85.45,30.04,0
M000,2024-03-10T21:35:00,54.43,86.77,29.93,0
M050,2024-03-10T21:40:00,57.88,78.59,30.66,0
M021,2024-03-10T21:45:00,53.25,89.18,30.25,0
M045,2024-03-10T21:50:00,57.71,81.74,28.32,0
M010,2024-03-10T21:55:00,51.76,82.01,28.64,0
M012,2024-03-10T22:00:00,56.82,82.19,29.35,0
M023,2024-03-10T22:05:00,56.94,86.55,27.62,0
M028,2024-03-10T22:10:00,45.27,72.81,33.56,0
M033,2024-03-10T22:15:00,48.77,73.91,33.88,0
M009,2024-03-10T22:20:00,51.22,75.87,31.35,0
M041,2024-03-10T22:25:00,53.98,89.28,31.43,0
M054,2024-03-10T22:30:00,54.23,79.12,30.77,0
M027,2024-03-10T22:35:00,50.35,70.8,30.37,0
M009,2024-03-10T22:40:00,53.86,72.95,28.74,0
M011,2024-03-10T22:45:00,51.27,81.64,28.98,0
M005,2024-03-10T22:50:00,51.88,65.65,28.07,0
M011,2024-03-10T22:55:00,56.35,84.58,27.71,0
M040,2024-03-10T23:00:00,54.03,76.46,28.96,0
M041,2024-03-10T23:05:00,53.09,81.21,31.67,0
M045,2024-03-10T23:10:00,52.51,79.96,31.49,0
M022,2024-03-10T23:15:00,49.4,89.96,29.53,0
M055,2024-03-10T23:20:00,49.8,71.02,28.05,0
M052,2024-03-10T23:25:00,50.32,80.23,30.01,0
M014,2024-03-10T23:30:00,49.87,82.28,27.24,0
M009,2024-03-10T23:35:00,51.41,83.37,30.87,0
M006,2024-03-10T23:40:00,55.88,81.14,28.53,0
M056,2024-03-10T23:45:00,52.54,76.74,30.59,0
M024,2024-03-10T23:50:00,55.43,88.26,28.77,0
M026,2024-03-10T23:55:00,57.56,75.46,31.4,0
M045,2024-03-11T00:00:00,51.64,78.63,30.25,0
M030,2024-03-11T00:05:00,52.49,74.86,34.34,0
M009,2024-03-11T00:10:00,50.91,84.89,29.94,0
M050,2024-03-11T00:15:00,55.54,71.53,29.73,0
M044,2024-03-11T00:20:00,50.4,79.74,28.74,0
M010,2024-03-11T00:25:00,54.19,74.47,31.14,0
M004,2024-03-11T00:30:00,53.56,86.43,30.87,0
M032,2024-03-11T00:35:00,51.05,91.45,28.79,0
M026,2024-03-11T00:40:00,60.93,80.48,30.84,0
M037,2024-03-11T00:45:00,50.89,74.91,28.72,0
M052,2024-03-11T00:50:00,49.04,87.14,28.88,0
M004,2024-03-11T00:55:00,56.7,77.54,26.94,0
M001,2024-03-11T01:00:00,53.19,79.34,32.05,0
M018,2024-03-11T01:05:00,53.43,68.45,28.22,0
M052,2024-03-11T01:10:00,54.49,81.64,33.35,0
M028,2024-03-11T01:15:00,54.7,74.14,32.34,0
M027,2024-03-11T01:20:00,51.01,80.39,27.59,0
M035,2024-03-11T01:25:00,58.05,88.3,31.11,0
M012,2024-03-11T01:30:00,52.39,84.52,29.06,0
M036,2024-03-11T01:35:00,54.88,77.05,29.65,0
M038,2024-03-11T01:40:00,54.27,82.03,33.21,0
M005,2024-03-11T01:45:00,55.46,79.64,30.67,0
M017,2024-03-11T01:50:00,52.28,79.23,27.6,0
M004,2024-03-11T01:55:00,53.75,75.88,31.53,0
M018,2024-03-11T02:00:00,56.94,78.3,27.26,0
M010,2024-03-11T02:05:00,55.16,81.39,29.78,0
M037,2024-03-11T02:10:00,58.57,87.9,30.9,0
M002,2024-03-11T02:15:00,53.06,89.71,30.57,0
M009,2024-03-11T02:20:00,50.48,73.25,30.66,0
M027,2024-03-11T02:25:00,57.07,81.68,32.14,0
M059,2024-03-11T02:30:00,51.02,80.21,29.21,0
M030,2024-03-11T02:35:00,54.76,81.61,27.91,0
M047,2024-03-11T02:40:00,56.85,85.26,32.98,0
M045,2024-03-11T02:45:00,48.4,85.79,30.51,0
M029,2024-03-11T02:50:00,52.85,86.95,28.34,0
M014,2024-03-11T02:55:00,54.95,83.31,29.82,0
M043,2024-03-11T03:00:00,53.12,76.66,30.77,0
M049,2024-03-11T03:05:00,57.27,74.66,29.88,0
M025,2024-03-11T03:10:00,55.97,93.24,32.36,0
M024,2024-03-11T03:15:00,51.04,76.81,33.17,0
M053,2024-03-11T03:20:00,48.19,81.11,33.43,0
M057,2024-03-11T03:25:00,50.65,87.04,34.01,0
M006,2024-03-11T03:30:00,53.39,80.71,29.51,0
M016,2024-03-11T03:35:00,52.44,74.75,32.33,0
M032,2024-03-11T03:40:00,50.82,77.08,28.24,0
M014,2024-03-11T03:45:00,52.91,85.15,33.09,0
M044,2024-03-11T03:50:00,54.25,75.83,29.88,0
M042,2024-03-11T03:55:00,54.57,77.35,30.18,0
M041,2024-03-11T04:00:00,54.32,75.84,32.84,0
M006,2024-03-11T04:05:00,51.36,78.53,28.22,0
M027,2024-03-11T04:10:00,58.04,77.66,28.95,0
M056,2024-03-11T04:15:00,56.74,72.09,27.35,0
M042,2024-03-11T04:20:00,59.19,74.93,30.07,0
M033,2024-03-11T04:25:00,54.76,83.91,29.47,0
M022,2024-03-11T04:30:00,58.53,74.62,33.36,0
M020,2024-03-11T04:35:00,50.8,80.1,31.64,0
M019,2024-03-11T04:40:00,52.39,77.31,32.63,0
M032,2024-03-11T04:45:00,52.89,79.01,31.18,0
M022,2024-03-11T04:50:00,53.68,75.4,27.08,0
M037,2024-03-11T04:55:00,55.95,78.31,32.68,0
M007,2024-03-11T05:00:00,51.54,76.32,31.19,0
M006,2024-03-11T05:05:00,51.71,78.97,26.46,0
M004,2024-03-11T05:10:00,57.73,82.49,30.42,0
M029,2024-03-11T05:15:00,57.72,83.02,28.96,0
M015,2024-03-11T05:20:00,57.24,75.13,31.24,0
M037,2024-03-11T05:25:00,51.39,79.77,28.94,0
M011,2024-03-11T05:30:00,51.55,77.5,32.22,0
M022,2024-03-11T05:35:00,63.88,74.09,30.16,0
M018,2024-03-11T05:40:00,60.12,67.44,29.12,0
M012,2024-03-11T05:45:00,54.76,76.21,34.22,0
M056,2024-03-11T05:50:00,51.71,74.58,31.32,0
M008,2024-03-11T05:55:00,55.25,70.45,29.16,0
M053,2024-03-11T06:00:00,49.58,73.98,30.06,0
M047,2024-03-11T06:05:00,58.61,74.71,27.75,0
M045,2024-03-11T06:10:00,56.44,82.1,28.43,0
M040,2024-03-11T06:15:00,51.74,79.49,28.85,0
M029,2024-03-11T06:20:00,48.88,82.22,33.29,0
M049,2024-03-11T06:25:00,50.76,78.6,30.7,0
M015,2024-03-11T06:30:00,56.9,80.27,30.01,0
M021,2024-03-11T06:35:00,54.18,79.22,29.27,0
M017,2024-03-11T06:40:00,50.63,78.94,30.58,0
M051,2024-03-11T06:45:00,55.44,85.1,33.86,0
M015,2024-03-11T06:50:00,54.52,66.49,30.45,0
M039,2024-03-11T06:55:00,56.29,79.24,29.07,0
M036,2024-03-11T07:00:00,56.36,83.75,28.78,0
M029,2024-03-11T07:05:00,55.4,76.73,32.84,0
M050,2024-03-11T07:10:00,57.75,83.76,32.62,0
M021,2024-03-11T07:15:00,52.89,72.43,30.18,0
M052,2024-03-11T07:20:00,57.19,77.69,28.48,0
M023,2024-03-11T07:25:00,56.12,79.44,28.2,0
M018,2024-03-11T07:30:00,55.73,80.91,27.16,0
M016,2024-03-11T07:35:00,52.1,86.88,30.54,0
M047,2024-03-11T07:40:00,53.79,81.47,29.87,0
M053,2024-03-11T07:45:00,55.45,78.71,31.36,0
M025,2024-03-11T07:50:00,51.62,84.48,32.24,0
M017,2024-03-11T07:55:00,48.55,70.81,30.79,0
M007,2024-03-11T08:00:00,50.68,76.66,27.83,0
M022,2024-03-11T08:05:00,50.77,73.95,26.63,0
M035,2024-03-11T08:10:00,57.41,78.42,29.04,0
M020,2024-03-11T08:15:00,56.39,81.55,30.12,0
M024,2024-03-11T08:20:00,56.08,79.91,30.31,0
M049,2024-03-11T08:25:00,55.77,74.41,29.01,0
M054,2024-03-11T08:30:00,57.79,83.27,32.29,0
M058,2024-03-11T08:35:00,56.76,81.61,27.72,0
M041,2024-03-11T08:40:00,51.66,84.3,30.96,0
M041,2024-03-11T08:45:00,55.74,79.51,32.28,0
M033,2024-03-11T08:50:00,55.21,82.84,29.31,0
M039,2024-03-11T08:55:00,58.84,82.13,34.83,0
M007,2024-03-11T09:00:00,53.61,81.05,32.54,0
M043,2024-03-11T09:05:00,56.84,78.82,33.5,0
M049,2024-03-11T09:10:00,56.4,82.12,29.53,0
M043,2024-03-11T09:15:00,53.99,76.25,28.17,0
M053,2024-03-11T09:20:00,52.89,67.33,29.07,0
M031,2024-03-11T09:25:00,52.9,78.89,29.56,0
M014,2024-03-11T09:30:00,57.28,85.39,28.06,0
M024,2024-03-11T09:35:00,53.88,82.94,28.15,0
M036,2024-03-11T09:40:00,50.84,71.18,33.31,0
M015,2024-03-11T09:45:00,59.07,69.09,30.84,0
M022,2024-03-11T09:50:00,58.47,89.12,29.57,0
M016,2024-03-11T09:55:00,55.43,84.61,30.15,0
M055,2024-03-11T10:00:00,49.91,84.31,30.56,0
M028,2024-03-11T10:05:00,49.32,69.48,30.17,0
M003,2024-03-11T10:10:00,54.18,82.71,29.45,0
M039,2024-03-11T10:15:00,49.41,73.53,30.64,0
M045,2024-03-11T10:20:00,54.85,83.69,29.62,0
M045,2024-03-11T10:25:00,52.97,79.15,31.52,0
M015,2024-03-11T10:30:00,52.73,81.69,28.49,0
M038,2024-03-11T10:35:00,48.94,80.32,33.1,0
M047,2024-03-11T10:40:00,47.21,78.58,26.88,0
M015,2024-03-11T10:45:00,52.68,85.55,32.0,0
M028,2024-03-11T10:50:00,52.42,71.51,31.41,0
M003,2024-03-11T10:55:00,51.95,78.22,29.53,0
M002,2024-03-11T11:00:00,49.96,84.51,29.37,0
M007,2024-03-11T11:05:00,53.81,81.73,32.32,0
M027,2024-03-11T11:10:00,51.35,73.3,34.66,0
M014,2024-03-11T11:15:00,49.26,74.89,29.49,0
M039,2024-03-11T11:20:00,44.11,79.99,29.04,0
M057,2024-03-11T11:25:00,47.29,78.75,31.69,0
M031,2024-03-11T11:30:00,55.77,80.71,31.59,0
M006,2024-03-11T11:35:00,52.47,82.53,32.99,0
M007,2024-03-11T11:40:00,52.9,78.58,31.21,0
M058,2024-03-11T11:45:00,49.08,74.5,28.41,0
M040,2024-03-11T11:50:00,56.28,79.51,31.19,0
M010,2024-03-11T11:55:00,44.74,88.31,31.18,0
M046,2024-03-11T12:00:00,52.08,84.12,28.9,0
M009,2024-03-11T12:05:00,51.98,77.16,30.61,0
M023,2024-03-11T12:10:00,52.26,77.15,30.07,0
M022,2024-03-11T12:15:00,49.51,78.76,26.9,0
M002,2024-03-11T12:20:00,47.83,67.37,28.24,0
M003,2024-03-11T12:25:00,48.42,74.29,33.94,0
M026,2024-03-11T12:30:00,50.73,80.74,29.12,0
M009,2024-03-11T12:35:00,50.1,78.12,27.05,0
M005,2024-03-11T12:40:00,50.02,77.74,31.49,0
M005,2024-03-11T12:45:00,55.46,84.79,29.83,0
M028,2024-03-11T12:50:00,55.05,74.38,32.3,0
M005,2024-03-11T12:55:00,53.67,79.38,27.51,0
M038,2024-03-11T13:00:00,44.45,81.64,29.15,0
M026,2024-03-11T13:05:00,49.28,80.02,30.3,0
M052,2024-03-11T13:10:00,51.71,82.69,27.45,0
M026,2024-03-11T13:15:00,52.33,76.11,28.94,0
M047,2024-03-11T13:20:00,50.53,83.18,28.3,0
M024,2024-03-11T13:25:00,51.38,78.97,33.36,0
M022,2024-03-11T13:30:00,48.33,76.41,29.97,0
M025,2024-03-11T13:35:00,49.29,87.82,30.57,0
M025,2024-03-11T13:40:00,46.35,84.08,27.87,0
M028,2024-03-11T13:45:00,53.34,79.47,30.86,0
M029,2024-03-11T13:50:00,48.66,98.26,28.46,0
M051,2024-03-11T13:55:00,51.4,77.63,29.62,0
M042,2024-03-11T14:00:00,43.15,74.12,32.13,0
M023,2024-03-11T14:05:00,49.65,83.73,34.79,0
M021,2024-03-11T14:10:00,54.35,87.5,32.97,0
M007,2024-03-11T14:15:00,48.96,84.17,30.16,0
M015,2024-03-11T14:20:00,51.45,76.96,28.67,0
M009,2024-03-11T14:25:00,47.55,77.44,30.57,0
M047,2024-03-11T14:30:00,50.55,79.32,32.36,0
M041,2024-03-11T14:35:00,54.38,86.91,32.22,0
M019,2024-03-11T14:40:00,49.18,84.78,28.32,0
M015,2024-03-11T14:45:00,51.16,82.12,28.25,0
M038,2024-03-11T14:50:00,54.53,73.68,28.58,0
M000,2024-03-11T14:55:00,58.83,78.92,27.82,0
M010,2024-03-11T15:00:00,50.64,82.27,28.24,0
M008,2024-03-11T15:05:00,49.18,68.84,31.3,0
M037,2024-03-11T15:10:00,53.2,78.76,31.22,0
M057,2024-03-11T15:15:00,50.18,80.47,29.47,0
M022,2024-03-11T15:20:00,53.43,75.5,30.53,0
M023,2024-03-11T15:25:00,56.68,77.38,29.43,0
M053,2024-03-11T15:30:00,49.66,79.34,30.55,0
M005,2024-03-11T15:35:00,56.01,76.45,31.22,0
M053,2024-03-11T15:40:00,50.12,70.34,30.41,0
M006,2024-03-11T15:45:00,53.6,76.89,29.27,0
M018,2024-03-11T15:50:00,55.64,79.75,33.41,0
M057,2024-03-11T15:55:00,49.78,80.38,29.5,0
M018,2024-03-11T16:00:00,45.54,80.29,26.8,0
M028,2024-03-11T16:05:00,51.86,78.38,28.36,0
M046,2024-03-11T16:10:00,51.95,70.99,28.48,0
M024,2024-03-11T16:15:00,50.82,79.52,28.58,0
M010,2024-03-11T16:20:00,56.72,87.5,27.76,0
M050,2024-03-11T16:25:00,52.4,77.09,30.61,0
M020,2024-03-11T16:30:00,47.62,83.7,26.27,0
M042,2024-03-11T16:35:00,54.17,80.1,31.02,0
M013,2024-03-11T16:40:00,50.75,84.54,30.39,0
M036,2024-03-11T16:45:00,52.99,85.8,31.92,0
M009,2024-03-11T16:50:00,53.1,81.63,33.76,0
M029,2024-03-11T16:55:00,50.38,82.79,31.33,0
M011,2024-03-11T17:00:00,51.48,74.79,32.88,0
M043,2024-03-11T17:05:00,53.26,75.56,27.04,0
M007,2024-03-11T17:10:00,46.32,83.04,32.23,0
M026,2024-03-11T17:15:00,52.24,81.78,28.14,0
M025,2024-03-11T17:20:00,52.23,91.69,31.56,0
M024,2024-03-11T17:25:00,54.53,80.69,33.19,0
M053,2024-03-11T17:30:00,53.86,71.62,27.3,0
M040,2024-03-11T17:35:00,46.72,67.48,30.22,0
M009,2024-03-11T17:40:00,52.96,83.08,33.97,0
M052,2024-03-11T17:45:00,50.97,80.46,32.7,0
M037,2024-03-11T17:50:00,47.71,85.78,29.51,0
M046,2024-03-11T17:55:00,48.39,80.48,32.64,0
M017,2024-03-11T18:00:00,51.72,76.88,29.59,0
M021,2024-03-11T18:05:00,54.51,77.32,34.06,0
M012,2024-03-11T18:10:00,52.2,86.62,32.19,0
M001,2024-03-11T18:15:00,50.22,89.28,25.2,0
M055,2024-03-11T18:20:00,50.96,74.36,32.95,0
M047,2024-03-11T18:25:00,52.64,86.09,29.58,0
M050,2024-03-11T18:30:00,43.63,82.67,27.85,0
M032,2024-03-11T18:35:00,51.84,77.9,28.13,0
M039,2024-03-11T18:40:00,53.76,72.27,30.89,0
M039,2024-03-11T18:45:00,55.02,81.52,30.97,0
M021,2024-03-11T18:50:00,53.86,78.58,29.93,0
M043,2024-03-11T18:55:00,47.78,73.82,29.56,0
M056,2024-03-11T19:00:00,53.65,77.46,28.56,0
M008,2024-03-11T19:05:00,47.62,80.42,31.38,0
M058,2024-03-11T19:10:00,57.03,76.49,30.04,0
M012,2024-03-11T19:15:00,51.99,78.52,31.26,0
M005,2024-03-11T19:20:00,54.68,83.95,29.93,0
M059,2024-03-11T19:25:00,46.54,78.64,28.71,0
M002,2024-03-11T19:30:00,55.96,78.59,31.44,0
M013,2024-03-11T19:35:00,50.37,75.82,29.27,0
M047,2024-03-11T19:40:00,57.67,82.47,30.35,0
M057,2024-03-11T19:45:00,50.01,86.57,27.18,0
M049,2024-03-11T19:50:00,51.49,77.58,30.99,0
M056,2024-03-11T19:55:00,46.81,81.15,31.93,0
M058,2024-03-11T20:00:00,55.33,80.78,33.09,0
M050,2024-03-11T20:05:00,54.0,81.92,30.65,0
M032,2024-03-11T20:10:00,53.81,82.31,31.74,0
M031,2024-03-11T20:15:00,53.24,74.86,27.9,0
M038,2024-03-11T20:20:00,53.38,76.78,29.3,0
M006,2024-03-11T20:25:00,53.8,75.71,30.81,0
M020,2024-03-11T20:30:00,55.34,77.76,25.67,0
M018,2024-03-11T20:35:00,54.87,79.02,28.6,0
M025,2024-03-11T20:40:00,51.27,75.54,29.32,0
M053,2024-03-11T20:45:00,52.48,73.44,27.95,0
M002,2024-03-11T20:50:00,57.85,78.69,30.97,0
M027,2024-03-11T20:55:00,49.78,78.09,30.1,0
M029,2024-03-11T21:00:00,49.56,81.75,30.11,0
M047,2024-03-11T21:05:00,51.55,79.18,29.67,0
M011,2024-03-11T21:10:00,54.03,81.8,28.87,0
M036,2024-03-11T21:15:00,51.77,80.66,31.36,0
M044,2024-03-11T21:20:00,48.19,86.26,30.37,0
M055,2024-03-11T21:25:00,54.35,81.07,30.36,0
M010,2024-03-11T21:30:00,48.37,81.93,28.88,0
M022,2024-03-11T21:35:00,53.75,78.59,30.18,0
M055,2024-03-11T21:40:00,52.39,81.87,31.8,0
M047,2024-03-11T21:45:00,49.1,78.64,26.92,0
M058,2024-03-11T21:50:00,53.53,74.48,31.72,0
M049,2024-03-11T21:55:00,55.0,75.93,34.01,0
M016,2024-03-11T22:00:00,52.04,76.99,27.4,0
M015,2024-03-11T22:05:00,58.45,81.36,30.38,0
M045,2024-03-11T22:10:00,54.19,74.78,30.38,0
M037,2024-03-11T22:15:00,57.29,82.89,27.82,0
M014,2024-03-11T22:20:00,55.99,81.63,29.64,0
M004,2024-03-11T22:25:00,54.44,78.47,29.83,0
M002,2024-03-11T22:30:00,53.16,79.58,28.0,0
M048,2024-03-11T22:35:00,51.62,75.76,27.69,0
M006,2024-03-11T22:40:00,49.62,92.17,29.61,0
M033,2024-03-11T22:45:00,53.97,77.09,27.39,0
M048,2024-03-11T22:50:00,53.48,71.54,27.78,0
M032,2024-03-11T22:55:00,56.16,89.26,29.04,0
M033,2024-03-11T23:00:00,53.45,90.47,30.04,0
M043,2024-03-11T23:05:00,50.68,84.72,27.89,0
M023,2024-03-11T23:10:00,56.29,76.85,27.94,0
M058,2024-03-11T23:15:00,49.3,81.89,30.47,0
M010,2024-03-11T23:20:00,52.52,82.98,30.48,0
M012,2024-03-11T23:25:00,58.57,76.2,32.5,0
M006,2024-03-11T23:30:00,58.14,81.05,31.08,0
M049,2024-03-11T23:35:00,49.97,79.53,32.4,0
M035,2024-03-11T23:40:00,55.96,78.17,29.96,0
M038,2024-03-11T23:45:00,57.02,83.37,30.47,0
M043,2024-03-11T23:50:00,49.45,76.91,28.84,0
M046,2024-03-11T23:55:00,57.73,76.37,32.01,0
M011,2024-03-12T00:00:00,55.2,78.05,25.17,0
M007,2024-03-12T00:05:00,47.17,82.03,29.82,0
M023,2024-03-12T00:10:00,56.79,81.49,30.1,0
M043,2024-03-12T00:15:00,51.64,72.45,26.43,0
M043,2024-03-12T00:20:00,53.82,80.54,26.57,0
M021,2024-03-12T00:25:00,49.98,81.95,27.21,0
M053,2024-03-12T00:30:00,48.24,89.77,31.45,0
M005,2024-03-12T00:35:00,58.77,82.49,28.18,0
M032,2024-03-12T00:40:00,52.98,82.38,28.67,0
M040,2024-03-12T00:45:00,52.94,80.89,27.42,0
M048,2024-03-12T00:50:00,56.44,86.18,27.3,0
M043,2024-03-12T00:55:00,53.55,84.88,29.76,0
M011,2024-03-12T01:00:00,51.52,82.54,30.58,0
M059,2024-03-12T01:05:00,52.89,74.96,31.68,0
M049,2024-03-12T01:10:00,55.87,86.14,30.45,0
M046,2024-03-12T01:15:00,58.39,75.63,28.66,0
M040,2024-03-12T01:20:00,54.14,65.74,31.17,0
M038,2024-03-12T01:25:00,57.49,78.87,26.61,0
M046,2024-03-12T01:30:00,48.68,82.3,26.18,0
M026,2024-03-12T01:35:00,54.42,75.3,29.78,0
M040,2024-03-12T01:40:00,58.09,79.36,28.28,0
M029,2024-03-12T01:45:00,50.54,76.04,27.02,0
M000,2024-03-12T01:50:00,51.71,79.16,30.77,0
M006,2024-03-12T01:55:00,49.56,81.41,30.0,0
M034,2024-03-12T02:00:00,56.99,81.8,25.57,0
M037,2024-03-12T02:05:00,53.31,82.11,27.76,0
M011,2024-03-12T02:10:00,49.35,86.86,28.52,0
M041,2024-03-12T02:15:00,54.53,85.38,26.37,0
M044,2024-03-12T02:20:00,50.84,80.13,30.52,0
M030,2024-03-12T02:25:00,52.37,79.89,27.1,0
M008,2024-03-12T02:30:00,54.82,71.17,29.17,0
M025,2024-03-12T02:35:00,60.71,81.77,30.42,0
M006,2024-03-12T02:40:00,55.76,80.17,26.71,0
M005,2024-03-12T02:45:00,52.41,81.02,30.6,0
M031,2024-03-12T02:50:00,55.61,81.73,31.24,0
M024,2024-03-12T02:55:00,54.25,81.96,27.22,0
M008,2024-03-12T03:00:00,56.61,85.67,31.1,0
M005,2024-03-12T03:05:00,53.83,81.93,29.14,0
M009,2024-03-12T03:10:00,50.99,80.24,28.81,0
M007,2024-03-12T03:15:00,55.47,81.9,29.82,0
M054,2024-03-12T03:20:00,47.56,79.41,29.1,0
M044,2024-03-12T03:25:00,54.84,81.14,31.71,0
M043,2024-03-12T03:30:00,53.94,81.69,32.15,0
M053,2024-03-12T03:35:00,56.05,84.28,30.08,0
M057,2024-03-12T03:40:00,51.43,74.42,27.35,0
M054,2024-03-12T03:45:00,49.59,77.38,29.51,0
M050,2024-03-12T03:50:00,55.76,82.55,29.08,0
M004,2024-03-12T03:55:00,56.9,89.67,30.87,0
M042,2024-03-12T04:00:00,53.38,79.95,30.53,0
M009,2024-03-12T04:05:00,54.02,79.08,30.99,0
M018,2024-03-12T04:10:00,53.05,74.84,32.96,0
M033,2024-03-12T04:15:00,58.23,83.1,29.27,0
M058,2024-03-12T04:20:00,52.85,77.92,29.97,0
M040,2024-03-12T04:25:00,52.1,78.8,29.68,0
M024,2024-03-12T04:30:00,52.87,84.06,27.61,0
M030,2024-03-12T04:35:00,52.17,79.7,25.36,0
M059,2024-03-12T04:40:00,58.93,80.3,31.36,0
M055,2024-03-12T04:45:00,51.3,74.95,29.05,0
M010,2024-03-12T04:50:00,54.79,88.07,29.11,0
M013,2024-03-12T04:55:00,52.25,85.73,27.1,0
M028,2024-03-12T05:00:00,53.3,85.57,29.99,0
M059,2024-03-12T05:05:00,55.12,80.29,30.39,0
M045,2024-03-12T05:10:00,53.36,73.06,33.97,0
M025,2024-03-12T05:15:00,52.32,85.71,29.42,0
M026,2024-03-12T05:20:00,57.05,80.97,30.5,0
M030,2024-03-12T05:25:00,58.51,85.78,29.63,0
M057,2024-03-12T05:30:00,50.69,81.38,31.55,0
M045,2024-03-12T05:35:00,57.78,82.07,31.54,0
M030,2024-03-12T05:40:00,54.76,72.78,28.58,0
M055,2024-03-12T05:45:00,55.27,81.29,30.52,0
M018,2024-03-12T05:50:00,54.83,78.78,31.69,0
M002,2024-03-12T05:55:00,52.18,78.3,28.97,0
M054,2024-03-12T06:00:00,53.86,81.3,28.9,0
M057,2024-03-12T06:05:00,59.53,76.82,27.78,0
M059,2024-03-12T06:10:00,53.51,75.17,26.65,0
M005,2024-03-12T06:15:00,58.53,79.59,27.91,0
M053,2024-03-12T06:20:00,54.61,79.2,32.59,0
M039,2024-03-12T06:25:00,54.88,82.31,31.03,0
M037,2024-03-12T06:30:00,52.9,84.2,28.81,0
M024,2024-03-12T06:35:00,52.61,78.27,29.15,0
M017,2024-03-12T06:40:00,56.98,81.82,28.09,0
M018,2024-03-12T06:45:00,54.5,85.19,30.84,0
M024,2024-03-12T06:50:00,51.16,71.79,30.11,0
M057,2024-03-12T06:55:00,50.05,78.77,30.56,0
M023,2024-03-12T07:00:00,53.21,79.51,30.62,0
M005,2024-03-12T07:05:00,45.83,84.05,30.66,0
M049,2024-03-12T07:10:00,45.1,85.51,31.25,0
M053,2024-03-12T07:15:00,46.87,78.52,29.33,0
M009,2024-03-12T07:20:00,53.71,78.82,27.92,0
M041,2024-03-12T07:25:00,51.2,80.67,27.59,0
M016,2024-03-12T07:30:00,54.03,80.66,28.58,0
M034,2024-03-12T07:35:00,48.64,80.11,31.76,0
M040,2024-03-12T07:40:00,47.99,75.57,29.38,0
M020,2024-03-12T07:45:00,48.99,70.27,26.57,0
M006,2024-03-12T07:50:00,52.36,76.27,30.32,0
M036,2024-03-12T07:55:00,50.02,75.92,33.76,0
M054,2024-03-12T08:00:00,47.52,82.08,26.43,0
M047,2024-03-12T08:05:00,45.84,75.63,32.83,0
M012,2024-03-12T08:10:00,48.21,83.58,29.67,0
M047,2024-03-12T08:15:00,48.61,86.93,31.33,0
M028,2024-03-12T08:20:00,49.08,80.82,31.4,0
M031,2024-03-12T08:25:00,49.03,74.61,28.07,0
M020,2024-03-12T08:30:00,49.58,89.01,28.38,0
M011,2024-03-12T08:35:00,49.64,73.81,31.96,0
M039,2024-03-12T08:40:00,56.57,84.79,28.37,0
M000,2024-03-12T08:45:00,49.02,80.72,30.35,0
M053,2024-03-12T08:50:00,46.67,80.38,33.08,0
M043,2024-03-12T08:55:00,46.75,72.74,29.92,0
M024,2024-03-12T09:00:00,50.34,82.98,26.92,0
M036,2024-03-12T09:05:00,52.72,79.96,31.22,0
M015,2024-03-12T09:10:00,56.25,72.94,30.08,0
M005,2024-03-12T09:15:00,50.9,74.02,31.77,0
M028,2024-03-12T09:20:00,51.0,80.64,32.75,0
M011,2024-03-12T09:25:00,49.29,79.26,27.95,0
M006,2024-03-12T09:30:00,49.03,77.54,30.31,0
M024,2024-03-12T09:35:00,48.81,81.17,34.1,0
M027,2024-03-12T09:40:00,53.41,84.88,29.3,0
M018,2024-03-12T09:45:00,50.91,81.14,29.48,0
M042,2024-03-12T09:50:00,50.37,80.45,31.36,0
M005,2024-03-12T09:55:00,56.75,78.23,25.81,0
M034,2024-03-12T10:00:00,51.83,78.44,32.48,0
M034,2024-03-12T10:05:00,49.92,85.6,30.44,0
M057,2024-03-12T10:10:00,50.84,86.0,29.36,0
M041,2024-03-12T10:15:00,52.56,80.22,30.96,0
M009,2024-03-12T10:20:00,51.45,80.0,29.94,0
M006,2024-03-12T10:25:00,55.64,88.7,31.11,0
M029,2024-03-12T10:30:00,50.68,79.94,28.92,0
M011,2024-03-12T10:35:00,50.48,71.36,29.14,0
M058,2024-03-12T10:40:00,54.53,75.53,32.8,0
M021,2024-03-12T10:45:00,49.27,74.01,30.03,0
M042,2024-03-12T10:50:00,50.19,79.25,25.39,0
M044,2024-03-12T10:55:00,50.39,81.26,32.07,0
M045,2024-03-12T11:00:00,51.1,79.74,30.83,0
M036,2024-03-12T11:05:00,51.43,83.18,27.53,0
M059,2024-03-12T11:10:00,49.38,86.94,31.04,0
M017,2024-03-12T11:15:00,52.63,70.29,30.1,0
M048,2024-03-12T11:20:00,49.2,81.7,30.09,0
M030,2024-03-12T11:25:00,47.84,76.02,27.64,0
M044,2024-03-12T11:30:00,55.09,79.14,29.43,0
M015,2024-03-12T11:35:00,54.36,87.33,29.46,0
M017,2024-03-12T11:40:00,48.5,81.98,34.65,0
M026,2024-03-12T11:45:00,54.61,76.73,27.8,0
M004,2024-03-12T11:50:00,49.22,78.92,33.17,0
M058,2024-03-12T11:55:00,53.22,80.45,29.94,0
M022,2024-03-12T12:00:00,49.82,75.71,30.98,0
M028,2024-03-12T12:05:00,54.18,75.61,29.27,0
M004,2024-03-12T12:10:00,58.98,79.76,33.51,0
M013,2024-03-12T12:15:00,56.52,79.68,29.02,0
M025,2024-03-12T12:20:00,48.43,87.41,27.87,0
M055,2024-03-12T12:25:00,54.87,76.02,31.16,0
M029,2024-03-12T12:30:00,49.72,81.99,28.17,0
M019,2024-03-12T12:35:00,50.57,80.52,29.07,0
M031,2024-03-12T12:40:00,51.54,83.13,28.39,0
M018,2024-03-12T12:45:00,56.02,87.22,31.31,0
M012,2024-03-12T12:50:00,54.33,71.24,32.29,0
M007,2024-03-12T12:55:00,50.3,85.36,27.11,0
M025,2024-03-12T13:00:00,53.07,72.91,27.06,0
M028,2024-03-12T13:05:00,58.46,79.34,29.58,0
M042,2024-03-12T13:10:00,44.74,80.66,34.68,0
M025,2024-03-12T13:15:00,53.94,81.12,30.97,0
M031,2024-03-12T13:20:00,50.39,78.04,29.45,0
M058,2024-03-12T13:25:00,50.27,71.67,29.66,0
M059,2024-03-12T13:30:00,50.02,78.12,31.71,0
M026,2024-03-12T13:35:00,58.99,77.32,28.49,0
M051,2024-03-12T13:40:00,49.37,78.56,33.68,0
M005,2024-03-12T13:45:00,49.15,89.78,27.63,0
M047,2024-03-12T13:50:00,50.6,79.63,31.36,0
M057,2024-03-12T13:55:00,48.26,78.19,33.43,0
M049,2024-03-12T14:00:00,49.26,78.64,27.99,0
M042,2024-03-12T14:05:00,44.08,80.92,28.42,0
M007,2024-03-12T14:10:00,52.44,83.7,31.31,0
M034,2024-03-12T14:15:00,57.8,79.23,28.49,0
M006,2024-03-12T14:20:00,52.99,68.55,30.1,0
M036,2024-03-12T14:25:00,54.07,77.26,25.93,0
M036,2024-03-12T14:30:00,50.01,84.49,29.06,0
M038,2024-03-12T14:35:00,54.06,95.34,29.63,0
M030,2024-03-12T14:40:00,55.93,80.66,34.45,0
M050,2024-03-12T14:45:00,51.74,76.05,31.66,0
M032,2024-03-12T14:50:00,50.4,76.8,30.56,0
M024,2024-03-12T14:55:00,51.33,78.03,28.83,0
M043,2024-03-12T15:00:00,51.08,75.5,32.01,0
M048,2024-03-12T15:05:00,50.78,78.33,29.32,0
M005,2024-03-12T15:10:00,51.84,81.87,29.83,0
M022,2024-03-12T15:15:00,56.86,76.48,27.9,0
M042,2024-03-12T15:20:00,55.7,85.18,31.19,0
M054,2024-03-12T15:25:00,52.53,85.95,32.38,0
M019,2024-03-12T15:30:00,51.89,75.55,31.33,0
M002,2024-03-12T15:35:00,51.79,82.37,31.94,0
M035,2024-03-12T15:40:00,47.91,79.12,28.34,0
M038,2024-03-12T15:45:00,59.1,76.78,27.91,0
M036,2024-03-12T15:50:00,53.86,86.08,29.3,0
M058,2024-03-12T15:55:00,46.32,78.79,31.79,0
M007,2024-03-12T16:00:00,57.42,86.42,29.11,0
M059,2024-03-12T16:05:00,54.18,76.9,31.36,0
M041,2024-03-12T16:10:00,50.88,80.07,29.57,0
M017,2024-03-12T16:15:00,52.14,80.98,31.77,0
M033,2024-03-12T16:20:00,51.59,80.64,29.4,0
M050,2024-03-12T16:25:00,48.04,86.19,27.32,0
M019,2024-03-12T16:30:00,50.21,80.48,31.22,0
M020,2024-03-12T16:35:00,53.24,78.6,31.42,0
M029,2024-03-12T16:40:00,56.21,77.8,31.68,0
M025,2024-03-12T16:45:00,49.7,72.43,28.62,0
M015,2024-03-12T16:50:00,51.71,83.03,35.56,0
M011,2024-03-12T16:55:00,53.18,83.76,31.07,0
M039,2024-03-12T17:00:00,54.2,72.07,26.71,0
M016,2024-03-12T17:05:00,51.29,85.74,28.81,0
M057,2024-03-12T17:10:00,49.35,77.2,28.97,0
M051,2024-03-12T17:15:00,49.35,77.99,30.49,0
M010,2024-03-12T17:20:00,52.88,74.2,27.78,0
M052,2024-03-12T17:25:00,56.35,76.42,31.86,0
M016,2024-03-12T17:30:00,50.19,83.71,27.74,0
M044,2024-03-12T17:35:00,51.84,83.31,27.01,0
M052,2024-03-12T17:40:00,51.54,84.04,31.14,0
M005,2024-03-12T17:45:00,48.36,81.43,27.7,0
M004,2024-03-12T17:50:00,53.49,84.66,32.54,0
M001,2024-03-12T17:55:00,56.02,75.21,28.14,0
M057,2024-03-12T18:00:00,49.83,76.54,28.02,0
M025,2024-03-12T18:05:00,49.01,82.85,28.4,0
M022,2024-03-12T18:10:00,48.09,80.44,24.96,0
M015,2024-03-12T18:15:00,54.87,78.76,30.37,0
M036,2024-03-12T18:20:00,55.42,78.37,27.92,0
M020,2024-03-12T18:25:00,50.79,81.31,32.73,0
M020,2024-03-12T18:30:00,53.99,77.35,34.18,0
M049,2024-03-12T18:35:00,53.92,76.34,28.29,0
M059,2024-03-12T18:40:00,53.85,88.79,31.26,0
M010,2024-03-12T18:45:00,48.76,81.89,31.09,0
M017,2024-03-12T18:50:00,51.87,78.56,29.24,0
M045,2024-03-12T18:55:00,48.64,83.23,30.72,0
M007,2024-03-12T19:00:00,55.14,88.76,35.85,0
M048,2024-03-12T19:05:00,54.25,82.86,27.7,0
M046,2024-03-12T19:10:00,52.43,79.58,29.25,0
M017,2024-03-12T19:15:00,55.01,76.68,30.69,0
M035,2024-03-12T19:20:00,51.08,84.09,30.31,0
M000,2024-03-12T19:25:00,51.95,76.35,30.11,0
M001,2024-03-12T19:30:00,59.75,81.13,30.5,0
M010,2024-03-12T19:35:00,55.14,79.04,33.15,0
M041,2024-03-12T19:40:00,48.8,75.19,30.12,0
M055,2024-03-12T19:45:00,49.42,73.64,28.34,0
M016,2024-03-12T19:50:00,55.72,76.92,31.4,0
M036,2024-03-12T19:55:00,47.77,87.27,29.64,0
M053,2024-03-12T20:00:00,60.53,81.19,28.15,0
M048,2024-03-12T20:05:00,54.39,72.63,30.7,0
M015,2024-03-12T20:10:00,53.66,78.79,32.02,0
M045,2024-03-12T20:15:00,48.07,90.71,25.29,0
M019,2024-03-12T20:20:00,58.65,84.66,29.14,0
M020,2024-03-12T20:25:00,54.05,73.66,32.03,0
M023,2024-03-12T20:30:00,53.21,79.62,29.92,0
M037,2024-03-12T20:35:00,53.76,84.01,30.97,0
M032,2024-03-12T20:40:00,51.04,81.62,30.61,0
M029,2024-03-12T20:45:00,51.0,80.42,29.58,0
M049,2024-03-12T20:50:00,54.23,87.43,31.19,0
M036,2024-03-12T20:55:00,53.42,77.24,29.75,0
M003,2024-03-12T21:00:00,59.07,80.27,29.87,0
M041,2024-03-12T21:05:00,57.1,77.94,30.17,0
M010,2024-03-12T21:10:00,54.27,85.35,31.87,0
M046,2024-03-12T21:15:00,54.87,86.63,25.4,0
M015,2024-03-12T21:20:00,53.3,78.92,33.4,0
M021,2024-03-12T21:25:00,50.72,79.89,30.83,0
M025,2024-03-12T21:30:00,56.17,72.68,30.25,0
M004,2024-03-12T21:35:00,55.94,76.82,27.95,0
M027,2024-03-12T21:40:00,52.85,77.49,29.17,0
M015,2024-03-12T21:45:00,53.26,87.54,27.09,0
M046,2024-03-12T21:50:00,55.41,78.41,27.98,0
M027,2024-03-12T21:55:00,56.22,83.86,31.76,0
M000,2024-03-12T22:00:00,50.59,85.9,33.05,0
M025,2024-03-12T22:05:00,52.01,85.29,31.11,0
M012,2024-03-12T22:10:00,55.76,75.73,31.18,0
M056,2024-03-12T22:15:00,52.53,76.07,28.0,0
M013,2024-03-12T22:20:00,55.55,79.1,25.86,0
M036,2024-03-12T22:25:00,60.66,76.14,30.84,0
M052,2024-03-12T22:30:00,59.11,82.38,31.2,0
M023,2024-03-12T22:35:00,53.2,74.28,27.63,0
M033,2024-03-12T22:40:00,56.17,66.96,31.0,0
M007,2024-03-12T22:45:00,53.02,83.91,30.01,0
M048,2024-03-12T22:50:00,55.1,72.66,33.12,0
M010,2024-03-12T22:55:00,54.7,79.53,29.95,0
M053,2024-03-12T23:00:00,54.82,73.89,28.25,0
M049,2024-03-12T23:05:00,49.96,70.59,29.01,0
M015,2024-03-12T23:10:00,52.7,77.05,29.04,0
M003,2024-03-12T23:15:00,52.51,73.57,30.97,0
M014,2024-03-12T23:20:00,54.92,76.37,31.85,0
M046,2024-03-12T23:25:00,55.87,69.89,28.38,0
M001,2024-03-12T23:30:00,54.34,79.95,24.2,0
M013,2024-03-12T23:35:00,55.3,80.76,32.87,0
M007,2024-03-12T23:40:00,52.06,79.4,28.22,0
M023,2024-03-12T23:45:00,51.28,82.95,31.75,0
M012,2024-03-12T23:50:00,54.56,85.4,29.37,0
M009,2024-03-12T23:55:00,53.26,83.68,30.55,0
M014,2024-03-13T00:00:00,52.87,90.61,27.89,0
M059,2024-03-13T00:05:00,58.77,79.33,30.32,0
M040,2024-03-13T00:10:00,54.8,76.51,29.6,0
M008,2024-03-13T00:15:00,49.67,76.62,28.82,0
M040,2024-03-13T00:20:00,53.1,74.79,28.52,0
M038,2024-03-13T00:25:00,53.71,71.39,32.03,0
M019,2024-03-13T00:30:00,47.59,83.24,29.22,0
M030,2024-03-13T00:35:00,55.69,81.13,30.5,0
M001,2024-03-13T00:40:00,55.55,84.85,33.69,0
M019,2024-03-13T00:45:00,56.77,79.41,29.93,0
M005,2024-03-13T00:50:00,54.63,79.93,29.39,0
M033,2024-03-13T00:55:00,53.78,86.09,24.87,0
M058,2024-03-13T01:00:00,57.52,83.07,30.82,0
M015,2024-03-13T01:05:00,53.38,72.92,29.33,0
M042,2024-03-13T01:10:00,55.52,80.9,30.26,0
M049,2024-03-13T01:15:00,52.35,84.59,27.6,0
M010,2024-03-13T01:20:00,53.1,80.92,30.48,0
M045,2024-03-13T01:25:00,56.41,84.13,31.3,0
M045,2024-03-13T01:30:00,55.02,83.15,29.54,0
M004,2024-03-13T01:35:00,56.28,74.47,28.09,0
M041,2024-03-13T01:40:00,54.83,76.74,32.15,0
M051,2024-03-13T01:45:00,56.18,79.42,33.6,0
M004,2024-03-13T01:50:00,51.88,73.43,30.52,0
M050,2024-03-13T01:55:00,51.6,77.0,28.62,0
M025,2024-03-13T02:00:00,53.53,77.68,28.52,0
M048,2024-03-13T02:05:00,51.59,83.5,29.14,0
M049,2024-03-13T02:10:00,57.62,72.8,30.38,0
M051,2024-03-13T02:15:00,55.87,78.54,28.79,0
M040,2024-03-13T02:20:00,51.06,75.28,33.25,0
M054,2024-03-13T02:25:00,58.43,81.45,28.02,0
M012,2024-03-13T02:30:00,55.89,79.65,30.55,0
M017,2024-03-13T02:35:00,54.66,73.28,28.08,0
M031,2024-03-13T02:40:00,58.26,85.6,28.32,0
M009,2024-03-13T02:45:00,56.0,78.9,31.44,0
M017,2024-03-13T02:50:00,54.35,79.74,31.31,0
M013,2024-03-13T02:55:00,53.13,88.81,26.77,0
M006,2024-03-13T03:00:00,57.83,75.77,29.33,0
M047,2024-03-13T03:05:00,58.26,82.47,28.65,0
M016,2024-03-13T03:10:00,49.02,81.1,27.89,0
M057,2024-03-13T03:15:00,53.04,77.92,27.38,0
M054,2024-03-13T03:20:00,56.0,86.86,27.86,0
M044,2024-03-13T03:25:00,59.94,81.59,29.26,0
M051,2024-03-13T03:30:00,52.71,79.56,32.46,0
M015,2024-03-13T03:35:00,56.41,81.49,28.04,0
M001,2024-03-13T03:40:00,52.0,75.64,33.77,0
M002,2024-03-13T03:45:00,49.43,80.16,29.56,0
M036,2024-03-13T03:50:00,47.84,73.81,32.41,0
M044,2024-03-13T03:55:00,48.69,77.42,32.33,0
M055,2024-03-13T04:00:00,49.83,80.37,30.19,0
M040,2024-03-13T04:05:00,46.71,77.07,32.18,0
M054,2024-03-13T04:10:00,51.48,75.19,28.15,0
M005,2024-03-13T04:15:00,47.33,78.22,32.87,0
M058,2024-03-13T04:20:00,47.72,83.11,28.86,0
M001,2024-03-13T04:25:00,53.84,81.38,28.13,0
M035,2024-03-13T04:30:00,51.61,69.7,30.72,0
M006,2024-03-13T04:35:00,53.34,75.48,28.22,0
M024,2024-03-13T04:40:00,53.65,72.81,34.17,0
M055,2024-03-13T04:45:00,49.41,86.23,31.87,0
M028,2024-03-13T04:50:00,50.34,81.13,32.55,0
M009,2024-03-13T04:55:00,54.72,83.5,28.68,0
M047,2024-03-13T05:00:00,55.26,74.54,30.23,0
M031,2024-03-13T05:05:00,50.52,82.31,29.21,0
M039,2024-03-13T05:10:00,52.98,86.4,32.23,0
M009,2024-03-13T05:15:00,51.25,80.42,29.95,0
M034,2024-03-13T05:20:00,50.07,75.21,26.14,0
M054,2024-03-13T05:25:00,54.44,84.24,30.99,0
M050,2024-03-13T05:30:00,50.78,72.25,34.57,0
M041,2024-03-13T05:35:00,52.55,84.18,29.59,0
M000,2024-03-13T05:40:00,52.8,82.99,28.98,0
M028,2024-03-13T05:45:00,53.82,78.85,28.53,0
M005,2024-03-13T05:50:00,54.17,80.78,29.94,0
M017,2024-03-13T05:55:00,49.79,80.45,32.45,0
M016,2024-03-13T06:00:00,49.61,77.02,29.17,0
M018,2024-03-13T06:05:00,50.12,77.67,29.36,0
M018,2024-03-13T06:10:00,48.67,77.72,31.91,0
M012,2024-03-13T06:15:00,48.31,70.53,26.9,0
M018,2024-03-13T06:20:00,49.86,81.31,32.15,0
M043,2024-03-13T06:25:00,54.18,87.4,31.24,0
M056,2024-03-13T06:30:00,51.57,78.21,29.36,0
M056,2024-03-13T06:35:00,54.11,87.43,32.17,0
M047,2024-03-13T06:40:00,46.07,83.37,29.42,0
M002,2024-03-13T06:45:00,52.39,82.93,32.75,0
M031,2024-03-13T06:50:00,52.01,80.93,29.04,0
M059,2024-03-13T06:55:00,48.28,73.52,29.25,0
M043,2024-03-13T07:00:00,54.21,82.97,31.46,0
M057,2024-03-13T07:05:00,55.81,74.82,27.24,0
M050,2024-03-13T07:10:00,51.8,83.72,30.7,0
M028,2024-03-13T07:15:00,52.78,84.44,28.33,0
M044,2024-03-13T07:20:00,47.76,75.64,29.26,0
M055,2024-03-13T07:25:00,50.48,77.31,29.37,0
M002,2024-03-13T07:30:00,50.12,79.64,30.18,0
M028,2024-03-13T07:35:00,48.24,80.07,32.29,0
M015,2024-03-13T07:40:00,45.39,85.57,32.42,0
M002,2024-03-13T07:45:00,55.39,74.98,28.88,0
M048,2024-03-13T07:50:00,62.3,79.16,29.96,0
M010,2024-03-13T07:55:00,53.22,81.55,28.6,0
M026,2024-03-13T08:00:00,50.14,75.82,29.05,0
M022,2024-03-13T08:05:00,47.42,87.94,28.01,0
M039,2024-03-13T08:10:00,50.37,83.85,34.16,0
M036,2024-03-13T08:15:00,52.02,93.74,33.93,0
M047,2024-03-13T08:20:00,47.94,80.16,25.75,0
M032,2024-03-13T08:25:00,54.12,79.71,30.3,0
M007,2024-03-13T08:30:00,50.83,75.26,28.8,0
M010,2024-03-13T08:35:00,51.81,79.27,32.59,0
M033,2024-03-13T08:40:00,54.79,84.8,32.13,0
M034,2024-03-13T08:45:00,53.03,91.42,28.44,0
M026,2024-03-13T08:50:00,50.73,77.98,29.37,0
M035,2024-03-13T08:55:00,50.65,78.44,30.55,0
M033,2024-03-13T09:00:00,49.59,77.24,31.33,0
M033,2024-03-13T09:05:00,49.59,73.85,32.44,0
M023,2024-03-13T09:10:00,49.06,79.83,29.87,0
M000,2024-03-13T09:15:00,51.21,72.95,28.21,0
M023,2024-03-13T09:20:00,52.05,79.1,28.95,0
M030,2024-03-13T09:25:00,50.94,83.76,29.44,0
M018,2024-03-13T09:30:00,41.06,83.41,28.37,0
M040,2024-03-13T09:35:00,51.79,78.08,31.16,0
M000,2024-03-13T09:40:00,46.34,71.99,26.36,0
M008,2024-03-13T09:45:00,51.1,75.44,29.89,0
M009,2024-03-13T09:50:00,48.95,77.94,32.01,0
M037,2024-03-13T09:55:00,53.43,76.75,30.39,0
M005,2024-03-13T10:00:00,51.41,83.06,33.07,0
M042,2024-03-13T10:05:00,46.12,75.56,32.4,0
M001,2024-03-13T10:10:00,53.08,84.29,30.43,0
M003,2024-03-13T10:15:00,55.73,82.67,31.38,0
M017,2024-03-13T10:20:00,48.85,78.12,28.45,0
M032,2024-03-13T10:25:00,52.18,78.34,30.52,0
M039,2024-03-13T10:30:00,55.41,78.58,32.96,0
M058,2024-03-13T10:35:00,49.98,86.36,30.03,0
M006,2024-03-13T10:40:00,55.61,84.17,27.55,0
M004,2024-03-13T10:45:00,50.04,77.97,30.14,0
M032,2024-03-13T10:50:00,52.83,70.36,30.59,0
M055,2024-03-13T10:55:00,50.0,80.36,30.29,0
M032,2024-03-13T11:00:00,51.59,87.72,31.72,0
M008,2024-03-13T11:05:00,51.33,79.53,29.06,0
M015,2024-03-13T11:10:00,48.42,73.68,31.06,0
M028,2024-03-13T11:15:00,56.03,79.51,29.5,0
M001,2024-03-13T11:20:00,53.84,82.73,31.17,0
M000,2024-03-13T11:25:00,45.04,86.38,31.53,0
M049,2024-03-13T11:30:00,53.76,76.93,29.41,0
M001,2024-03-13T11:35:00,51.93,82.29,27.9,0
M004,2024-03-13T11:40:00,57.01,80.45,32.13,0
M047,2024-03-13T11:45:00,50.04,76.06,31.23,0
M006,2024-03-13T11:50:00,54.84,85.1,28.86,0
M020,2024-03-13T11:55:00,53.97,80.96,28.82,0
M009,2024-03-13T12:00:00,54.56,73.83,26.68,0
M025,2024-03-13T12:05:00,48.91,71.9,27.87,0
M010,2024-03-13T12:10:00,52.24,74.85,26.76,0
M006,2024-03-13T12:15:00,55.55,80.9,28.85,0
M008,2024-03-13T12:20:00,52.98,85.57,28.13,0
M027,2024-03-13T12:25:00,54.08,88.69,28.72,0
M024,2024-03-13T12:30:00,52.42,82.85,31.57,0
M058,2024-03-13T12:35:00,53.13,79.37,30.04,0
M007,2024-03-13T12:40:00,52.26,73.74,29.78,0
M046,2024-03-13T12:45:00,53.58,85.16,30.37,0
M011,2024-03-13T12:50:00,47.2,79.39,33.06,0
M008,2024-03-13T12:55:00,56.22,82.13,29.78,0
M053,2024-03-13T13:00:00,49.18,81.1,29.18,0
M035,2024-03-13T13:05:00,48.64,87.03,27.33,0
M000,2024-03-13T13:10:00,48.46,78.89,34.06,0
M030,2024-03-13T13:15:00,50.17,79.0,28.77,0
M033,2024-03-13T13:20:00,48.09,76.73,29.74,0
M041,2024-03-13T13:25:00,50.78,84.05,29.09,0
M018,2024-03-13T13:30:00,51.07,80.65,28.46,0
M004,2024-03-13T13:35:00,53.74,83.45,31.06,0
M051,2024-03-13T13:40:00,56.56,77.16,31.71,0
M030,2024-03-13T13:45:00,52.2,73.18,30.65,0
M013,2024-03-13T13:50:00,52.21,83.08,29.84,0
M035,2024-03-13T13:55:00,49.15,79.16,28.24,0
M021,2024-03-13T14:00:00,51.55,81.15,29.57,0
M025,2024-03-13T14:05:00,47.57,75.48,31.27,0
M016,2024-03-13T14:10:00,52.46,80.99,29.57,0
M050,2024-03-13T14:15:00,49.87,83.66,28.2,0
M026,2024-03-13T14:20:00,53.08,87.64,29.7,0
M042,2024-03-13T14:25:00,45.27,85.38,30.41,0
M001,2024-03-13T14:30:00,51.16,84.83,31.71,0
M051,2024-03-13T14:35:00,54.17,80.51,30.79,0
M038,2024-03-13T14:40:00,51.86,80.99,31.57,0
M000,2024-03-13T14:45:00,57.79,75.2,31.94,0
M017,2024-03-13T14:50:00,54.01,86.36,31.21,0
M004,2024-03-13T14:55:00,53.62,74.91,30.4,0
M036,2024-03-13T15:00:00,52.01,79.42,30.28,0
M021,2024-03-13T15:05:00,51.41,80.29,27.4,0
M039,2024-03-13T15:10:00,54.1,80.43,30.77,0
M014,2024-03-13T15:15:00,53.14,84.63,26.44,0
M045,2024-03-13T15:20:00,55.6,85.16,31.72,0
M033,2024-03-13T15:25:00,51.71,88.3,28.73,0
M013,2024-03-13T15:30:00,50.86,79.77,29.98,0
M055,2024-03-13T15:35:00,50.86,76.84,27.64,0
M010,2024-03-13T15:40:00,57.13,85.53,28.1,0
M022,2024-03-13T15:45:00,52.05,87.14,33.27,0
M006,2024-03-13T15:50:00,50.79,74.89,28.74,0
M010,2024-03-13T15:55:00,57.46,89.5,31.22,0
M048,2024-03-13T16:00:00,55.84,85.9,25.9,0
M057,2024-03-13T16:05:00,50.85,79.74,27.05,0
M023,2024-03-13T16:10:00,49.02,88.71,30.69,0
M014,2024-03-13T16:15:00,50.01,79.27,30.97,0
M057,2024-03-13T16:20:00,50.75,76.25,28.9,0
M048,2024-03-13T16:25:00,53.39,87.17,29.59,0
M029,2024-03-13T16:30:00,49.58,70.84,30.76,0
M002,2024-03-13T16:35:00,53.96,88.37,32.01,0
M040,2024-03-13T16:40:00,51.09,92.53,31.8,0
M010,2024-03-13T16:45:00,54.61,81.27,30.87,0
M004,2024-03-13T16:50:00,54.49,72.9,33.47,0
M039,2024-03-13T16:55:00,58.93,86.15,33.53,0
M039,2024-03-13T17:00:00,57.8,77.2,29.47,0
M009,2024-03-13T17:05:00,47.93,81.78,32.55,0
M037,2024-03-13T17:10:00,50.05,74.84,30.84,0
M006,2024-03-13T17:15:00,51.85,81.96,29.23,0
M040,2024-03-13T17:20:00,49.07,86.68,30.83,0
M035,2024-03-13T17:25:00,55.66,79.31,31.78,0
M045,2024-03-13T17:30:00,50.47,74.96,28.39,0
M003,2024-03-13T17:35:00,56.93,82.36,28.6,0
M044,2024-03-13T17:40:00,56.78,77.16,30.12,0
M007,2024-03-13T17:45:00,57.03,76.68,29.79,0
M052,2024-03-13T17:50:00,52.9,75.77,29.52,0
M005,2024-03-13T17:55:00,50.61,83.75,28.64,0
M040,2024-03-13T18:00:00,58.92,77.88,32.32,0
M027,2024-03-13T18:05:00,52.45,84.62,33.16,0
M038,2024-03-13T18:10:00,57.31,81.56,26.87,0
M020,2024-03-13T18:15:00,49.93,85.16,28.87,0
M004,2024-03-13T18:20:00,61.11,73.61,27.99,0
M016,2024-03-13T18:25:00,54.14,76.95,27.76,0
M000,2024-03-13T18:30:00,53.41,88.96,27.85,0
M038,2024-03-13T18:35:00,59.7,88.38,30.97,0
M053,2024-03-13T18:40:00,52.3,84.58,28.75,0
M048,2024-03-13T18:45:00,48.48,81.34,32.12,0
M027,2024-03-13T18:50:00,47.1,80.61,30.17,0
M026,2024-03-13T18:55:00,55.66,84.58,30.13,0
M034,2024-03-13T19:00:00,56.79,85.64,34.4,0
M020,2024-03-13T19:05:00,54.44,74.41,27.65,0
M043,2024-03-13T19:10:00,55.2,79.65,30.0,0
M041,2024-03-13T19:15:00,51.56,88.53,28.86,0
M022,2024-03-13T19:20:00,51.17,81.11,31.34,0
M059,2024-03-13T19:25:00,50.3,81.31,26.65,0
M054,2024-03-13T19:30:00,56.09,81.19,31.3,0
M026,2024-03-13T19:35:00,57.16,83.41,29.53,0
M020,2024-03-13T19:40:00,58.24,83.61,31.0,0
M032,2024-03-13T19:45:00,57.09,86.56,30.28,0
M016,2024-03-13T19:50:00,47.84,84.37,28.92,0
M029,2024-03-13T19:55:00,50.45,66.57,31.2,0
M003,2024-03-13T20:00:00,53.31,74.82,30.74,0
M039,2024-03-13T20:05:00,58.05,75.75,28.02,0
M040,2024-03-13T20:10:00,54.13,87.74,28.71,0
M025,2024-03-13T20:15:00,50.92,79.42,28.49,0
M018,2024-03-13T20:20:00,55.2,82.29,27.55,0
M044,2024-03-13T20:25:00,54.78,86.43,27.06,0
M056,2024-03-13T20:30:00,53.12,74.26,28.63,0
M041,2024-03-13T20:35:00,53.62,80.95,28.82,0
M058,2024-03-13T20:40:00,53.25,69.06,31.46,0
M031,2024-03-13T20:45:00,55.82,83.02,32.88,0
M042,2024-03-13T20:50:00,55.87,88.55,28.8,0
M032,2024-03-13T20:55:00,49.96,78.39,31.18,0
M046,2024-03-13T21:00:00,48.73,76.45,32.38,0
M044,2024-03-13T21:05:00,56.22,78.6,31.56,0
M013,2024-03-13T21:10:00,55.3,69.8,28.0,0
M002,2024-03-13T21:15:00,54.25,81.35,30.37,0
M033,2024-03-13T21:20:00,54.23,72.93,29.98,0
M039,2024-03-13T21:25:00,59.68,76.66,28.37,0
M048,2024-03-13T21:30:00,52.6,73.14,28.96,0
M052,2024-03-13T21:35:00,52.12,73.67,30.27,0
M047,2024-03-13T21:40:00,53.3,73.84,29.26,0
M015,2024-03-13T21:45:00,49.9,90.25,29.24,0
M025,2024-03-13T21:50:00,53.28,77.59,32.88,0
M004,2024-03-13T21:55:00,51.91,88.67,29.86,0
M016,2024-03-13T22:00:00,51.77,79.43,30.4,0
M006,2024-03-13T22:05:00,54.37,88.88,28.36,0
M057,2024-03-13T22:10:00,56.52,76.37,31.98,0
M019,2024-03-13T22:15:00,57.55,85.82,33.57,0
M007,2024-03-13T22:20:00,55.02,79.66,30.1,0
M019,2024-03-13T22:25:00,50.36,77.58,33.59,0
M008,2024-03-13T22:30:00,52.82,81.44,30.35,0
M004,2024-03-13T22:35:00,56.12,85.65,32.78,0
M049,2024-03-13T22:40:00,59.8,83.91,32.08,0
M023,2024-03-13T22:45:00,52.65,84.13,28.2,0
M023,2024-03-13T22:50:00,55.37,88.9,34.04,0
M047,2024-03-13T22:55:00,58.44,81.84,30.47,0
M038,2024-03-13T23:00:00,56.36,71.98,31.35,0
M003,2024-03-13T23:05:00,55.58,78.14,33.11,0
M002,2024-03-13T23:10:00,59.31,84.3,30.28,0
M035,2024-03-13T23:15:00,54.34,80.9,29.1,0
M058,2024-03-13T23:20:00,49.22,84.61,31.79,0
M011,2024-03-13T23:25:00,56.81,81.18,30.91,0
M053,2024-03-13T23:30:00,53.64,78.55,33.68,0
M029,2024-03-13T23:35:00,52.31,85.17,28.3,0
M014,2024-03-13T23:40:00,55.53,80.16,28.79,0
M031,2024-03-13T23:45:00,58.82,84.72,31.73,0
M031,2024-03-13T23:50:00,60.44,86.0,30.98,0
M048,2024-03-13T23:55:00,54.57,85.88,28.58,0
M045,2024-03-14T00:00:00,57.96,82.4,32.05,0
M017,2024-03-14T00:05:00,53.28,82.14,26.8,0
M016,2024-03-14T00:10:00,51.15,84.59,30.96,0
M054,2024-03-14T00:15:00,53.59,81.7,32.49,0
M009,2024-03-14T00:20:00,55.76,70.89,30.93,0
M039,2024-03-14T00:25:00,55.71,71.81,29.14,0
M016,2024-03-14T00:30:00,56.87,78.3,29.94,0
M033,2024-03-14T00:35:00,49.42,89.1,28.87,0
M011,2024-03-14T00:40:00,51.13,71.57,27.83,0
M013,2024-03-14T00:45:00,55.38,84.02,29.91,0
M015,2024-03-14T00:50:00,51.28,91.26,31.05,0
M040,2024-03-14T00:55:00,46.6,78.71,30.01,0
M011,2024-03-14T01:00:00,46.48,73.95,29.14,0
M011,2024-03-14T01:05:00,47.45,69.35,33.65,0
M045,2024-03-14T01:10:00,46.21,83.26,25.51,0
M019,2024-03-14T01:15:00,40.69,75.93,33.3,0
M010,2024-03-14T01:20:00,51.49,79.59,30.27,0
M034,2024-03-14T01:25:00,49.47,81.22,32.69,0
M012,2024-03-14T01:30:00,50.43,79.42,31.47,0
M037,2024-03-14T01:35:00,45.24,87.98,29.94,0
M035,2024-03-14T01:40:00,50.67,74.23,31.74,0
M040,2024-03-14T01:45:00,51.36,77.03,27.94,0
M010,2024-03-14T01:50:00,49.7,76.1,31.53,0
M029,2024-03-14T01:55:00,52.88,75.08,31.07,0
M011,2024-03-14T02:00:00,48.8,78.35,26.77,0
M057,2024-03-14T02:05:00,52.42,83.31,31.14,0
M057,2024-03-14T02:10:00,50.32,81.59,28.14,0
M038,2024-03-14T02:15:00,51.36,81.51,31.21,0
M042,2024-03-14T02:20:00,46.63,80.97,28.79,0
M059,2024-03-14T02:25:00,48.45,80.67,28.65,0
M018,2024-03-14T02:30:00,52.83,87.71,32.21,0
M022,2024-03-14T02:35:00,47.41,85.59,28.95,0
M048,2024-03-14T02:40:00,46.59,76.88,29.21,0
M059,2024-03-14T02:45:00,51.94,79.27,27.31,0
M046,2024-03-14T02:50:00,50.63,80.18,28.0,0
M007,2024-03-14T02:55:00,44.58,77.89,32.22,0
M003,2024-03-14T03:00:00,50.37,80.45,28.88,0
M040,2024-03-14T03:05:00,52.64,82.92,27.41,0
M022,2024-03-14T03:10:00,52.14,83.1,28.63,0
M001,2024-03-14T03:15:00,52.95,81.49,25.56,0
M058,2024-03-14T03:20:00,53.02,77.77,32.6,0
M048,2024-03-14T03:25:00,51.8,81.06,27.74,0
M029,2024-03-14T03:30:00,51.13,80.99,34.17,0
M014,2024-03-14T03:35:00,50.1,76.86,29.99,0
M017,2024-03-14T03:40:00,49.17,81.2,26.77,0
M022,2024-03-14T03:45:00,48.68,75.39,28.39,0
M024,2024-03-14T03:50:00,52.02,80.99,30.9,0
M002,2024-03-14T03:55:00,48.83,81.3,26.89,0
M005,2024-03-14T04:00:00,49.15,76.63,32.22,0
M044,2024-03-14T04:05:00,47.82,83.22,31.02,0
M014,2024-03-14T04:10:00,45.68,74.89,27.78,0
M059,2024-03-14T04:15:00,51.93,75.79,32.28,0
M041,2024-03-14T04:20:00,48.64,73.77,28.03,0
M051,2024-03-14T04:25:00,52.58,84.79,30.49,0
M004,2024-03-14T04:30:00,50.25,77.5,28.44,0
M043,2024-03-14T04:35:00,50.88,77.0,33.02,0
M039,2024-03-14T04:40:00,52.18,85.28,31.74,0
M011,2024-03-14T04:45:00,51.88,88.44,32.15,0
M050,2024-03-14T04:50:00,49.58,86.31,28.85,0
M055,2024-03-14T04:55:00,52.46,88.95,28.89,0
M047,2024-03-14T05:00:00,49.4,73.5,27.37,0
M023,2024-03-14T05:05:00,51.35,84.93,31.87,0
M029,2024-03-14T05:10:00,54.03,82.68,29.28,0
M011,2024-03-14T05:15:00,54.15,72.97,31.08,0
M011,2024-03-14T05:20:00,47.37,81.73,28.41,0
M025,2024-03-14T05:25:00,47.91,80.47,33.52,0
M039,2024-03-14T05:30:00,47.75,76.95,30.35,0
M048,2024-03-14T05:35:00,53.75,82.74,27.97,0
M005,2024-03-14T05:40:00,51.65,68.68,29.32,0
M050,2024-03-14T05:45:00,50.63,78.85,33.7,0
M049,2024-03-14T05:50:00,52.34,80.59,32.97,0
M057,2024-03-14T05:55:00,47.92,84.35,29.11,0
M023,2024-03-14T06:00:00,51.47,77.24,30.24,0
M035,2024-03-14T06:05:00,48.02,76.25,30.99,0
M014,2024-03-14T06:10:00,50.72,77.48,28.65,0
M040,2024-03-14T06:15:00,54.72,85.11,31.66,0
M050,2024-03-14T06:20:00,52.78,82.16,30.45,0
M053,2024-03-14T06:25:00,54.12,76.21,30.25,0
M001,2024-03-14T06:30:00,51.08,87.08,31.48,0
M015,2024-03-14T06:35:00,49.27,78.39,31.59,0
M001,2024-03-14T06:40:00,51.65,81.15,29.96,0
M057,2024-03-14T06:45:00,53.31,67.39,27.97,0
M035,2024-03-14T06:50:00,54.07,76.43,30.97,0
M014,2024-03-14T06:55:00,44.9,81.46,28.8,0
M033,2024-03-14T07:00:00,57.96,85.3,31.53,0
M029,2024-03-14T07:05:00,51.08,70.9,28.48,0
M029,2024-03-14T07:10:00,48.8,79.35,31.72,0
M035,2024-03-14T07:15:00,54.2,72.37,30.84,0
M023,2024-03-14T07:20:00,47.79,80.07,31.1,0
M009,2024-03-14T07:25:00,50.8,82.19,29.39,0
M055,2024-03-14T07:30:00,52.16,83.99,28.89,0
M011,2024-03-14T07:35:00,52.67,82.49,30.72,0
M031,2024-03-14T07:40:00,50.1,82.63,33.02,0
M056,2024-03-14T07:45:00,54.11,72.29,30.59,0
M018,2024-03-14T07:50:00,50.55,82.05,29.5,0
M046,2024-03-14T07:55:00,47.5,77.81,32.78,0
M029,2024-03-14T08:00:00,52.66,83.82,30.44,0
M045,2024-03-14T08:05:00,53.88,81.76,30.05,0
M042,2024-03-14T08:10:00,47.08,83.64,30.7,0
M007,2024-03-14T08:15:00,49.72,69.66,30.01,0
M059,2024-03-14T08:20:00,49.94,77.86,29.4,0
M036,2024-03-14T08:25:00,49.51,80.77,26.36,0
M033,2024-03-14T08:30:00,54.4,76.37,28.7,0
M059,2024-03-14T08:35:00,55.53,75.95,27.39,0
M003,2024-03-14T08:40:00,46.51,81.74,29.5,0
M056,2024-03-14T08:45:00,53.37,81.91,30.63,0
M027,2024-03-14T08:50:00,57.96,81.77,32.2,0
M029,2024-03-14T08:55:00,49.96,86.04,31.32,0
M000,2024-03-14T09:00:00,51.63,78.39,31.5,0
M035,2024-03-14T09:05:00,52.01,85.87,29.1,0
M034,2024-03-14T09:10:00,53.25,91.17,27.65,0
M042,2024-03-14T09:15:00,50.62,72.65,29.19,0
M035,2024-03-14T09:20:00,52.36,83.2,29.67,0
M015,2024-03-14T09:25:00,46.73,75.67,29.27,0
M052,2024-03-14T09:30:00,45.67,82.19,27.84,0
M039,2024-03-14T09:35:00,55.27,82.88,26.78,0
M025,2024-03-14T09:40:00,56.21,83.8,29.1,0
M000,2024-03-14T09:45:00,52.23,68.86,31.55,0
M051,2024-03-14T09:50:00,54.45,75.26,31.34,0
M058,2024-03-14T09:55:00,56.32,81.4,35.47,0
M041,2024-03-14T10:00:00,55.5,76.49,30.04,0
M033,2024-03-14T10:05:00,51.04,80.91,31.44,0
M031,2024-03-14T10:10:00,53.72,76.28,27.12,0
M028,2024-03-14T10:15:00,56.7,74.15,30.17,0
M027,2024-03-14T10:20:00,53.42,77.86,31.54,0
M046,2024-03-14T10:25:00,53.86,82.07,28.59,0
M043,2024-03-14T10:30:00,49.98,81.67,29.72,0
M043,2024-03-14T10:35:00,51.34,67.43,34.32,0
M025,2024-03-14T10:40:00,58.29,83.27,33.16,0
M036,2024-03-14T10:45:00,49.06,82.49,29.55,0
M019,2024-03-14T10:50:00,49.51,78.1,32.66,0
M018,2024-03-14T10:55:00,51.61,78.29,30.16,0
M009,2024-03-14T11:00:00,52.3,84.07,30.91,0
M047,2024-03-14T11:05:00,47.46,78.54,31.56,0
M054,2024-03-14T11:10:00,51.38,81.08,28.88,0
M013,2024-03-14T11:15:00,53.03,76.63,27.71,0
M051,2024-03-14T11:20:00,52.34,83.93,31.2,0
M018,2024-03-14T11:25:00,49.17,76.89,27.06,0
M027,2024-03-14T11:30:00,49.38,88.47,27.87,0
M028,2024-03-14T11:35:00,52.37,79.91,31.54,0
M054,2024-03-14T11:40:00,55.05,73.36,32.5,0
M042,2024-03-14T11:45:00,53.62,78.09,30.03,0
M003,2024-03-14T11:50:00,57.82,85.85,29.87,0
M028,2024-03-14T11:55:00,49.41,81.68,29.83,0
M008,2024-03-14T12:00:00,53.73,79.08,31.16,0
M057,2024-03-14T12:05:00,54.48,74.88,30.75,0
M032,2024-03-14T12:10:00,50.5,83.07,29.66,0
M002,2024-03-14T12:15:00,55.37,87.32,29.4,0
M025,2024-03-14T12:20:00,55.44,88.44,32.22,0
M048,2024-03-14T12:25:00,54.22,83.22,27.26,0
M005,2024-03-14T12:30:00,55.13,84.19,33.28,0
M052,2024-03-14T12:35:00,52.63,75.35,29.65,0
M049,2024-03-14T12:40:00,51.34,74.22,31.95,0
M027,2024-03-14T12:45:00,52.29,80.74,31.5,0
M037,2024-03-14T12:50:00,49.86,82.66,31.23,0
M011,2024-03-14T12:55:00,53.06,81.25,28.45,0
M000,2024-03-14T13:00:00,51.35,91.11,27.55,0
M019,2024-03-14T13:05:00,50.33,80.84,29.91,0
M005,2024-03-14T13:10:00,51.9,81.73,31.93,0
M020,2024-03-14T13:15:00,54.98,77.08,31.32,0
M005,2024-03-14T13:20:00,52.6,90.49,29.5,0
M015,2024-03-14T13:25:00,55.29,77.25,32.43,0
M005,2024-03-14T13:30:00,52.65,68.98,28.23,0
M048,2024-03-14T13:35:00,53.45,75.43,29.95,0
M025,2024-03-14T13:40:00,47.8,70.84,27.88,0
M046,2024-03-14T13:45:00,53.32,80.81,27.28,0
M004,2024-03-14T13:50:00,49.19,86.57,30.87,0
M013,2024-03-14T13:55:00,53.51,80.12,30.18,0
M002,2024-03-14T14:00:00,50.84,80.35,29.83,0
M020,2024-03-14T14:05:00,51.78,79.85,30.44,0
M000,2024-03-14T14:10:00,53.82,92.62,31.96,0
M041,2024-03-14T14:15:00,49.33,72.45,29.25,0
M043,2024-03-14T14:20:00,51.72,85.42,30.25,0
M043,2024-03-14T14:25:00,56.81,80.31,29.29,0
M026,2024-03-14T14:30:00,52.36,81.01,31.45,0
M014,2024-03-14T14:35:00,54.97,83.95,27.93,0
M038,2024-03-14T14:40:00,52.63,72.71,27.65,0
M023,2024-03-14T14:45:00,52.64,85.47,25.72,0
M044,2024-03-14T14:50:00,53.62,77.43,30.76,0
M030,2024-03-14T14:55:00,55.14,85.93,27.82,0
M044,2024-03-14T15:00:00,52.66,78.15,33.06,0
M049,2024-03-14T15:05:00,60.81,87.1,30.08,0
M031,2024-03-14T15:10:00,50.92,75.88,29.33,0
M044,2024-03-14T15:15:00,54.84,80.77,34.62,0
M058,2024-03-14T15:20:00,51.72,78.83,30.5,0
M044,2024-03-14T15:25:00,51.15,65.69,31.35,0
M022,2024-03-14T15:30:00,52.91,80.18,32.54,0
M021,2024-03-14T15:35:00,52.54,74.91,31.18,0
M044,2024-03-14T15:40:00,53.17,72.62,26.52,0
M037,2024-03-14T15:45:00,55.12,84.62,27.81,0
M008,2024-03-14T15:50:00,52.29,81.39,31.95,0
M000,2024-03-14T15:55:00,53.75,82.37,34.74,0
M059,2024-03-14T16:00:00,53.06,76.68,31.91,0
M037,2024-03-14T16:05:00,49.37,85.27,31.28,0
M035,2024-03-14T16:10:00,57.51,78.81,30.49,0
M045,2024-03-14T16:15:00,49.65,74.66,32.89,0
M039,2024-03-14T16:20:00,50.14,83.81,26.88,0
M056,2024-03-14T16:25:00,56.9,81.81,32.75,0
M033,2024-03-14T16:30:00,58.84,77.89,31.17,0
M019,2024-03-14T16:35:00,51.3,73.02,26.22,0
M012,2024-03-14T16:40:00,53.61,79.81,28.12,0
M012,2024-03-14T16:45:00,55.75,83.65,30.9,0
M054,2024-03-14T16:50:00,57.16,77.98,32.96,0
M000,2024-03-14T16:55:00,52.87,90.98,30.33,0
M013,2024-03-14T17:00:00,56.06,78.35,32.16,0
M051,2024-03-14T17:05:00,53.6,79.12,32.67,0
M018,2024-03-14T17:10:00,50.55,80.15,32.35,0
M000,2024-03-14T17:15:00,53.34,76.6,27.24,0
M020,2024-03-14T17:20:00,56.69,83.61,31.44,0
M002,2024-03-14T17:25:00,54.78,90.12,29.32,0
M003,2024-03-14T17:30:00,56.04,73.5,30.33,0
M053,2024-03-14T17:35:00,58.64,69.72,25.95,0
M033,2024-03-14T17:40:00,57.05,74.36,31.24,0
M046,2024-03-14T17:45:00,52.96,76.06,33.19,0
M029,2024-03-14T17:50:00,55.12,78.43,29.95,0
M015,2024-03-14T17:55:00,54.66,79.39,29.61,0
M034,2024-03-14T18:00:00,55.86,74.1,30.23,0
M001,2024-03-14T18:05:00,51.75,90.92,31.93,0
M035,2024-03-14T18:10:00,57.51,78.51,29.78,0
M025,2024-03-14T18:15:00,54.09,84.91,31.16,0
M023,2024-03-14T18:20:00,54.57,77.78,30.18,0
M011,2024-03-14T18:25:00,48.33,83.75,32.67,0
M058,2024-03-14T18:30:00,58.16,79.01,34.01,0
M016,2024-03-14T18:35:00,52.42,85.05,28.86,0
M018,2024-03-14T18:40:00,56.46,75.31,32.16,0
M046,2024-03-14T18:45:00,54.34,73.87,28.63,0
M006,2024-03-14T18:50:00,55.28,73.48,29.08,0
M049,2024-03-14T18:55:00,57.17,83.46,31.15,0
M019,2024-03-14T19:00:00,58.82,69.95,34.0,0
M007,2024-03-14T19:05:00,56.92,79.46,31.23,0
M017,2024-03-14T19:10:00,60.81,82.69,29.43,0
M008,2024-03-14T19:15:00,52.63,90.33,29.86,0
M001,2024-03-14T19:20:00,53.38,85.99,27.33,0
M050,2024-03-14T19:25:00,50.26,78.76,27.29,0
M020,2024-03-14T19:30:00,56.71,80.88,29.05,0
M023,2024-03-14T19:35:00,59.75,79.1,28.38,0
M006,2024-03-14T19:40:00,54.0,69.52,29.95,0
M034,2024-03-14T19:45:00,53.94,80.29,32.12,0
M030,2024-03-14T19:50:00,58.8,84.03,30.54,0
M042,2024-03-14T19:55:00,52.52,75.31,29.4,0
M014,2024-03-14T20:00:00,50.2,78.32,29.8,0
M028,2024-03-14T20:05:00,54.08,72.17,30.29,0
M041,2024-03-14T20:10:00,55.8,83.0,31.65,0
M008,2024-03-14T20:15:00,59.23,82.93,27.58,0
M036,2024-03-14T20:20:00,56.4,86.27,28.7,0
M026,2024-03-14T20:25:00,57.61,93.16,30.13,0
M012,2024-03-14T20:30:00,53.58,75.49,29.93,0
M020,2024-03-14T20:35:00,64.66,68.75,30.62,0
M020,2024-03-14T20:40:00,57.52,85.34,29.58,0
M006,2024-03-14T20:45:00,54.76,82.86,31.1,0
M048,2024-03-14T20:50:00,49.9,76.89,32.51,0
M028,2024-03-14T20:55:00,52.86,76.37,31.91,0
M051,2024-03-14T21:00:00,54.01,77.95,25.52,0
M047,2024-03-14T21:05:00,56.34,81.8,31.95,0
M040,2024-03-14T21:10:00,56.78,85.57,26.59,0
M027,2024-03-14T21:15:00,54.28,89.29,28.17,0
